<?xml version="1.0" encoding="iso-8859-1"?>
<extension version="1.6" type="plugin" group="system" method="upgrade">
    <name>System - jFinalizer</name>
    <author>farbfinal.de</author>
    <creationDate>July 2022</creationDate>
    <copyright>(C) 2011 farbfinal.de. All rights reserved.</copyright>
    <license>GNU/GPL</license>
    <authorEmail>info@farbfinal.de</authorEmail>
    <authorUrl>www.farbfinal.de/jfinalizer</authorUrl>
    <version>2.0.1</version>
    <description>JFINALIZER_DESCRIPTION</description>
 	<languages>
      <language tag="en-GB">en-GB.plg_system_jfinalizer.ini</language>
      <language tag="de-DE">de-DE.plg_system_jfinalizer.ini</language>
    </languages>
	<files>
  		<filename plugin="jfinalizer">jfinalizer.php</filename>
  		<filename >cssoptimizer.php</filename>
  		<filename >jsoptimizer.php</filename>
  		<filename >css.php</filename>
  		<filename >js.php</filename>
  		<filename >helper.php</filename>
  		<filename >htaccess.default.php</filename>
  		<filename >errorhandler.php</filename>
   		<filename >index.html</filename>
	</files>
	<config>
		<fields name="params">
			<fieldset name="basic">
				<field name="usecache" type="radio" default="0" label="JFINALIZER_LABEL_USECACHE" description="JFINALIZER_DESC_USECACHE">
					<option value="1">jf_livesite</option>
					<option value="0">jf_designdev</option>
				</field>
				<field name="debug" type="list" default="0" label="JFINALIZER_LABEL_DEBUG" description="JFINALIZER_DESC_DEBUG">
					<option value="0">jf_off</option>
					<option value="1">jf_html_comments</option>
					<option value="2">jf_full_and_performance</option>
				</field>
				<field type="spacer"/>
				<field name="htmllevel" type="list" default="8" label="JFINALIZER_LABEL_COHTHLLEVEL" description="JFINALIZER_DESC_COHTHLLEVEL">
					<option value="99">jf_nocomp</option>
					<option value="3">jf_simple</option>
					<option value="5">jf_simple_b</option>
					<option value="0">jf_safe</option>
					<option value="4">jf_safe_b</option>
					<option value="6">jf_safe_c</option>
					<option value="7">jf_safe_cplus</option>
					<option value="8">jf_detab</option>
					<option value="1">jf_strong</option>
					<option value="2">jf_ultra</option>
				</field>
				<field name="htmlcomments" type="list" default="0" label="JFINALIZER_LABEL_COHTHLCOMMENTS" description="JFINALIZER_DESC_COHTHLCOMMENTS">
					<option value="0">jf_keep</option>
					<option value="1">jf_remove</option>
				</field>
				<field name="htmlgenerator" type="list" default="0" label="JFINALIZER_LABEL_HTMLGENERATOR" description="JFINALIZER_DESC_HTMLGENERATOR">
					<option value="0">jf_keep</option>
					<option value="1">jf_remove</option>
				</field>
				<field type="spacer"/> 
				<field name="processjs" type="radio" default="1" label="JFINALIZER_LABEL_PROCJS" description="JFINALIZER_DESC_PROCJS">
					<option value="0">no</option>
					<option value="1">yes</option>
				</field>
				<field name="compactjs" type="radio" default="0" label="JFINALIZER_LABEL_COMPACTJS" description="JFINALIZER_DESC_COMPACTJS">
					<option value="0">no</option>
					<option value="1">yes</option>
				</field>
				<field name="jquerynoconflict" type="radio" default="0" label="JFINALIZER_LABEL_JQUERYNOCONFLICT" description="JFINALIZER_DESC_JQUERYNOCONFLICT">
					<option value="0">no</option>
					<option value="1">yes</option>
				</field>
				<field type="spacer"/> 
				<field name="processcss" type="radio" default="1" label="JFINALIZER_LABEL_PROCCSS" description="JFINALIZER_DESC_PROCCSS">
					<option value="0">no</option>
					<option value="1">yes</option>
				</field>
				<field name="compactcss" type="radio" default="0" label="JFINALIZER_LABEL_COMPACTCSS" description="JFINALIZER_DESC_COMPACTCSS">
					<option value="0">no</option>
					<option value="1">yes</option>
				</field>

				<field type="spacer"/>
				<field name="skipjs" type="textarea" rows="3" cols="22" default="tiny_mce.js,xajax.js,print.css,media=&quot;print" label="JFINALIZER_LABEL_SKIPJS" description="JFINALIZER_DESC_SKIPJS"></field>
				<field type="spacer"/>
				<field name="gzipmode" type="list" default="0" label="JFINALIZER_LABEL_GZIP" description="JFINALIZER_DESC_GZIP">
					<option value="0">jf_off</option>
					<option value="1">jf_gzip_PHP_delivery</option>
					<option value="2">jf_gzip_htaccess_delivery</option>
				</field>
				<field type="spacer"/> 
			</fieldset>
			<fieldset name="advanced">
				<field name="htmlpre" type="radio" default="1" label="JFINALIZER_LABEL_COHTMLPRE" description="JFINALIZER_DESC_COHTMLPRE">
					<option value="0">no</option>
					<option value="1">yes</option>
				</field>
				<field name="checkexcept" type="radio" default="1" label="JFINALIZER_LABEL_CHECKEXCEPT" description="JFINALIZER_DESC_CHECKEXCEPT">
					<option value="0">no</option>
					<option value="1">yes</option>
				</field>
				<field name="autoplace" type="radio" default="0" label="JFINALIZER_LABEL_PLACETAGS" description="JFINALIZER_DESC_PLACETAGS">
					<option value="0">jf_Auto</option>
					<option value="1">jf_manual</option>
				</field>
				<field name="outpath" type="text" default="" label="JFINALIZER_LABEL_DELIVERY" description="JFINALIZER_DESC_DELIVERY"></field>
				<field name="includeremote" type="radio" default="1" label="JFINALIZER_LABEL_INCLUDEREMOTE" description="JFINALIZER_DESC_INCLUDEREMOTE">
					<option value="0">no</option>
					<option value="1">yes</option>
				</field>
				<field name="subdir" type="text" default="" label="JFINALIZER_LABEL_SUBDIR" description="JFINALIZER_DESC_SUBDIR"></field>	
				<field name="cachelifetime" type="text" default="0" label="JFINALIZER_LABEL_LIFETIME" description="JFINALIZER_DESC_LIFETIME"></field>

			</fieldset>
		</fields>
	</config>
	<updateservers>
		<!-- Note: No spaces or linebreaks allowed between the server tags -->
		<server type="extension" priority="1" name="jFinalizer Update Site">http://update.farbfinal.de/jfinalizer.xml</server>
	</updateservers>
</extension>