SET NAMES 'utf8';


INSERT INTO `PREFIX_carrier` (`id_carrier`, `id_tax_rules_group`, `name`, `active`, `deleted`, `shipping_handling`, `is_free`) VALUES
(2, 1, '本店配送', 1, 0, 1, 0);
INSERT INTO `PREFIX_carrier_group` (`id_carrier`, `id_group`) VALUES
(2, 1);
INSERT INTO `PREFIX_carrier_lang` (`id_carrier`, `id_lang`, `delay`) VALUES
(2, 1, '次日送达');
INSERT INTO `PREFIX_carrier_zone` (`id_carrier`, `id_zone`) VALUES
(2, 1),
(2, 2),
(2, 3),
(2, 4),
(2, 5),
(2, 6),
(2, 7),
(2, 8);

UPDATE `PREFIX_configuration` SET `value` = '2' WHERE `name` = 'PS_CARRIER_DEFAULT';

INSERT INTO `PREFIX_configuration` (`name`, `value`, `date_add`, `date_upd`) VALUES
	('MB_PAY_TO_EMAIL', '', NOW(), NOW()),
	('MB_SECRET_WORD', '', NOW(), NOW()),
	('MB_HIDE_LOGIN', 1, NOW(), NOW()),
	('MB_ID_LOGO', 1, NOW(), NOW()),
	('MB_ID_LOGO_WALLET', 1, NOW(), NOW()),
	('MB_PARAMETERS', 0, NOW(), NOW()),
	('MB_PARAMETERS_2', 0, NOW(), NOW()),
	('MB_DISPLAY_MODE', 0, NOW(), NOW()),
	('MB_CANCEL_URL', 'http://www.yoursite.com', NOW(), NOW()),
	('MB_LOCAL_METHODS', '2', NOW(), NOW()),
	('MB_INTER_METHODS', '5', NOW(), NOW()),
	('BANK_WIRE_CURRENCIES', '2,1', NOW(), NOW()),
	('CHEQUE_CURRENCIES', '2,1', NOW(), NOW()),
	('PRODUCTS_VIEWED_NBR', '2', NOW(), NOW()),
	('BLOCK_CATEG_DHTML', '1', NOW(), NOW()),
	('BLOCK_CATEG_MAX_DEPTH', '3', NOW(), NOW()),
	('MANUFACTURER_DISPLAY_FORM', '1', NOW(), NOW()),
	('MANUFACTURER_DISPLAY_TEXT', '1', NOW(), NOW()),
	('MANUFACTURER_DISPLAY_TEXT_NB', '5', NOW(), NOW()),
	('NEW_PRODUCTS_NBR', '5', NOW(), NOW()),
	('PS_TOKEN_ENABLE', '1', NOW(), NOW()),
	('PS_STATS_RENDER', 'graphxmlswfcharts', NOW(), NOW()),
	('PS_STATS_OLD_CONNECT_AUTO_CLEAN', 'never', NOW(), NOW()),
	('PS_STATS_GRID_RENDER', 'gridhtml', NOW(), NOW()),
	('BLOCKTAGS_NBR', '10', NOW(), NOW()),
	('CHECKUP_DESCRIPTIONS_LT', '100', NOW(), NOW()),
	('CHECKUP_DESCRIPTIONS_GT', '400', NOW(), NOW()),
	('CHECKUP_IMAGES_LT', '1', NOW(), NOW()),
	('CHECKUP_IMAGES_GT', '2', NOW(), NOW()),
	('CHECKUP_SALES_LT', '1', NOW(), NOW()),
	('CHECKUP_SALES_GT', '2', NOW(), NOW()),
	('CHECKUP_STOCK_LT', '1', NOW(), NOW()),
	('CHECKUP_STOCK_GT', '3', NOW(), NOW()),
	('FOOTER_CMS', '0_3|0_4|0_6|0_7', NOW(), NOW()),
	('FOOTER_BLOCK_ACTIVATION', '0_3|0_4|0_6|0_7', NOW(), NOW()),
	('FOOTER_POWEREDBY', 0, NOW(), NOW()),
	('BLOCKADVERT_LINK', 0, NOW(), NOW()),
	('BLOCKSTORE_IMG', 'store.jpg', NOW(), NOW()),
	('MOD_BLOCKTOPMENU_ITEMS', 'CAT2,CAT3,CAT4', NOW(), NOW()),
	('MOD_BLOCKTOPMENU_SEARCH', '0', NOW(), NOW());

INSERT INTO `PREFIX_module` (`id_module`, `name`, `active`) VALUES
(1, 'homefeatured', 1),
(2, 'gsitemap', 1),
(3, 'cheque', 1),
(4, 'moneybookers', 1),
(5, 'editorial', 1),
(6, 'bankwire', 1),
(7, 'blockadvertising', 1),
(8, 'blockbestsellers', 1),
(9, 'blockcart', 1),
(10, 'blockcategories', 1),
(11, 'blockcurrencies', 0),
(12, 'blockcms', 1),
(13, 'blocklanguages', 0),
(14, 'blockmanufacturer', 1),
(15, 'blockmyaccount', 1),
(16, 'blocknewproducts', 1),
(17, 'blockpaymentlogo', 1),
(18, 'blockpermanentlinks', 1),
(19, 'blocksearch', 1),
(20, 'blockspecials', 1),
(21, 'blocktags', 1),
(22, 'blockuserinfo', 1),
(24, 'blockviewed', 1),
(25, 'statsdata', 1),
(26, 'statsvisits', 1),
(27, 'statssales', 1),
(28, 'statsregistrations', 1),
(30, 'statspersonalinfos', 1),
(31, 'statslive', 1),
(32, 'statsequipment', 1),
(33, 'statscatalog', 1),
(34, 'graphvisifire', 1),
(35, 'graphxmlswfcharts', 1),
(36, 'graphgooglechart', 1),
(37, 'graphartichow', 1),
(39, 'gridhtml', 1),
(40, 'statsbestcustomers', 1),
(41, 'statsorigin', 1),
(42, 'pagesnotfound', 1),
(43, 'sekeywords', 1),
(44, 'statsproduct', 1),
(45, 'statsbestproducts', 1),
(46, 'statsbestcategories', 1),
(47, 'statsbestvouchers', 1),
(48, 'statsbestsuppliers', 1),
(49, 'statscarrier', 1),
(50, 'statsnewsletter', 1),
(51, 'statssearch', 1),
(52, 'statscheckup', 1),
(53, 'statsstock', 1),
(54, 'blockstore', 1),
(55, 'statsforecast', 1),
(56, 'backwardcompatibility', 1),
(57, 'blocktopmenu', 1);

CREATE TABLE IF NOT EXISTS `PREFIX_linksmenutop` (
`id_link` INT UNSIGNED NOT NULL AUTO_INCREMENT PRIMARY KEY ,
`new_window` TINYINT( 1 ) NOT NULL,
`link` VARCHAR( 128 ) NOT NULL
) ENGINE=ENGINE_TYPE DEFAULT CHARSET=utf8;

CREATE TABLE IF NOT EXISTS `PREFIX_linksmenutop_lang` (
`id_link` INT NOT NULL ,
`id_lang` INT NOT NULL ,
`label` VARCHAR( 128 ) NOT NULL ,
INDEX ( `id_link` , `id_lang` )
) ENGINE=ENGINE_TYPE DEFAULT CHARSET=utf8;

INSERT INTO `PREFIX_hook` (`name`, `title`, `description`, `position`) VALUES
	('myAccountBlock', 'My account block', 'Display extra informations inside the "my account" block', 1);

INSERT INTO `PREFIX_hook_module` (`id_module`, `id_hook`, `position`) VALUES
(3, 1, 1),
(6, 1, 2),
(4, 1, 3),
(4, 4, 3),
(8, 2, 1),
(3, 4, 1),
(6, 4, 2),
(9, 6, 1),
(16, 6, 2),
(8, 6, 3),
(20, 6, 4),
(12, 6, 5),
(54, 6, 6),
(15, 7, 1),
(21, 7, 2),
(10, 7, 3),
(24, 7, 4),
(14, 7, 5),
(12, 7, 6),
(7, 7, 7),
(17, 7, 8),
(5, 8, 1),
(1, 8, 2),
(11, 14, 1),
(13, 14, 2),
(18, 14, 3),
(19, 14, 4),
(22, 14, 5),
(8, 19, 1),
(12, 21, 1),
(25, 11, 1),
(25, 21, 2),
(26, 32, 1),
(27, 32, 2),
(28, 32, 3),
(30, 32, 4),
(31, 32, 5),
(32, 32, 6),
(33, 32, 7),
(34, 33, 1),
(35, 33, 2),
(36, 33, 3),
(37, 33, 4),
(39, 37, 1),
(40, 32, 8),
(41, 32, 9),
(42, 32, 10),
(42, 95, 1),
(43, 32, 11),
(42, 14, 6),
(43, 14, 7),
(44, 32, 12),
(45, 32, 13),
(46, 32, 15),
(47, 32, 14),
(48, 32, 16),
(49, 32, 17),
(55, 32, 22),
(50, 32, 18),
(51, 32, 19),
(51, 45, 1),
(25, 25, 1),
(41, 20, 2),
(52, 32, 20),
(53, 32, 21),
(17, 9, 2),
(18, 9, 3),
(24, 9, 4),
(9, 9, 5),
(15, 9, 6),
(5, 9, 7),
(8, 9, 8),
(10, 9, 9),
(20, 9, 10),
(11, 9, 11),
(16, 9, 12),
(22, 9, 13),
(13, 9, 14),
(14, 9, 15),
(12, 9, 16),
(7, 9, 17),
(21, 9, 18),
(10, 60, 1),
(10, 61, 1),
(10, 62, 1),
(54, 9, 19),
(10, 66, 1),
(19, 9, 20),
(56, 9, 1),
(56, 50, 1),
(56, 54, 1),
(57, 97, 1);

CREATE TABLE `PREFIX_pagenotfound` (
  `id_pagenotfound` INTEGER UNSIGNED NOT NULL AUTO_INCREMENT,
  `request_uri` VARCHAR(256) NOT NULL,
  `http_referer` VARCHAR(256) NOT NULL,
  `date_add` DATETIME NOT NULL,
  PRIMARY KEY(`id_pagenotfound`)
) ENGINE=ENGINE_TYPE DEFAULT CHARSET=utf8;

CREATE TABLE `PREFIX_statssearch` (
	`id_statssearch` INTEGER UNSIGNED NOT NULL AUTO_INCREMENT,
	`keywords` VARCHAR(255) NOT NULL,
	`results` INT(6) NOT NULL DEFAULT 0,
	`date_add` DATETIME NOT NULL,
	PRIMARY KEY(`id_statssearch`)
) ENGINE=ENGINE_TYPE DEFAULT CHARSET=utf8;

CREATE TABLE `PREFIX_sekeyword` (
	`id_sekeyword` INTEGER UNSIGNED NOT NULL AUTO_INCREMENT,
	`keyword` VARCHAR(256) NOT NULL,
	`date_add` DATETIME NOT NULL,
	PRIMARY KEY(`id_sekeyword`)
) ENGINE=ENGINE_TYPE DEFAULT CHARSET=utf8;


CREATE TABLE `PREFIX_cms_block` (
	`id_cms_block` int(10) unsigned NOT NULL auto_increment,
	`id_cms_category` int(10) unsigned NOT NULL,
	`name` varchar(40) NOT NULL,
	`location` tinyint(1) unsigned NOT NULL,
	`position` int(10) unsigned NOT NULL default '0',
	`display_store` tinyint(1) unsigned NOT NULL DEFAULT '1',
	PRIMARY KEY (`id_cms_block`)
) ENGINE=ENGINE_TYPE DEFAULT CHARSET=utf8;

CREATE TABLE `PREFIX_cms_block_page` (
	`id_cms_block_page` int(10) unsigned NOT NULL auto_increment,
	`id_cms_block` int(10) unsigned NOT NULL,
	`id_cms` int(10) unsigned NOT NULL,
	`is_category` tinyint(1) unsigned NOT NULL,
	PRIMARY KEY (`id_cms_block_page`)
) ENGINE=ENGINE_TYPE DEFAULT CHARSET=utf8;

CREATE TABLE `PREFIX_cms_block_lang` (
	`id_cms_block` int(10) unsigned NOT NULL,
	`id_lang` int(10) unsigned NOT NULL,
	`name` varchar(40) NOT NULL default '',
	PRIMARY KEY (`id_cms_block`, `id_lang`)
) ENGINE=ENGINE_TYPE DEFAULT CHARSET=utf8;

CREATE TABLE `PREFIX_editorial` (
	`id_editorial` int(10) unsigned NOT NULL auto_increment,
	`body_home_logo_link` varchar(255) NOT NULL,
	PRIMARY KEY (`id_editorial`)
) ENGINE=ENGINE_TYPE DEFAULT CHARSET=utf8;

CREATE TABLE `PREFIX_editorial_lang` (
	`id_editorial` int(10) unsigned NOT NULL,
	`id_lang` int(10) unsigned NOT NULL,
	`body_title` varchar(255) NOT NULL,
	`body_subheading` varchar(255) NOT NULL,
	`body_paragraph` text NOT NULL,
	`body_logo_subheading` varchar(255) NOT NULL,
	PRIMARY KEY (`id_editorial`, `id_lang`)
) ENGINE=ENGINE_TYPE DEFAULT CHARSET=utf8;

INSERT INTO `PREFIX_editorial` (`id_editorial`, `body_home_logo_link`) VALUES
(1, 'http://www.bubujie.net');
INSERT INTO `PREFIX_editorial_lang` (`id_editorial`, `id_lang`, `body_title`, `body_subheading`, `body_paragraph`, `body_logo_subheading`) VALUES
(1, 1, 'Lorem ipsum dolor sit amet', 'Consectetur adipisicing elit, sed do eiusmod tempor incididunt ut labore et dolore magna aliqua', '<p>Lorem ipsum dolor sit amet, consectetur adipisicing elit, sed do eiusmod tempor incididunt ut labore et dolore magna aliqua. Ut enim ad minim veniam, quis nostrud exercitation ullamco laboris nisi ut aliquip ex ea commodo consequat. Duis aute irure dolor in reprehenderit in voluptate velit esse cillum dolore eu fugiat nulla pariatur. Excepteur sint occaecat cupidatat non proident, sunt in culpa qui officia deserunt mollit anim id est laborum</p>', 'Excepteur sint prestashop cupidatat non proident');

INSERT INTO `PREFIX_range_price` (`id_range_price`, `id_carrier`, `delimiter1`, `delimiter2`) VALUES
(1, 2, 0, 10000);
INSERT INTO `PREFIX_range_weight` (`id_range_weight`, `id_carrier`, `delimiter1`, `delimiter2`) VALUES
(1, 2, 0, 10000);
INSERT INTO `PREFIX_delivery` (`id_delivery`, `id_range_price`, `id_range_weight`, `id_carrier`, `id_zone`, `price`) VALUES
(9, NULL, 1, 2, 1, 5.00),
(10, NULL, 1, 2, 2, 5.00),
(11, NULL, 1, 2, 3, 5.00),
(12, NULL, 1, 2, 4, 5.00),
(13, NULL, 1, 2, 5, 5.00),
(14, NULL, 1, 2, 6, 5.00),
(15, NULL, 1, 2, 7, 5.00),
(16, NULL, 1, 2, 8, 5.00);

INSERT INTO `PREFIX_customer_group` (`id_customer`, `id_group`) VALUES
(1, 1);
INSERT INTO `PREFIX_category_group` (`id_category`, `id_group`) VALUES
(2, 1),
(3, 1),
(4, 1);

INSERT INTO `PREFIX_customer` (`id_customer`, `id_gender`, `id_default_group`, `secure_key`, `email`, `passwd`, `birthday`, `lastname`, `newsletter`, `optin`, `firstname`, `active`, `is_guest`, `date_add`, `date_upd`) VALUES
(1, 1, 1, '47ce86627c1f3c792a80773c5d2deaf8', 'pub@bubujie.net', 'ad807bdf0426766c05c64041124d30ce', '1970-01-15', '张', 1, 1, '瑞', 1, 0, NOW(), NOW());
INSERT INTO `PREFIX_connections` (`id_connections`, `id_guest`, `id_page`, `ip_address`, `date_add`, `http_referer`) VALUES
(1, 1, 1, '2130706433', NOW(), 'http://www.bubujie.net');
INSERT INTO `PREFIX_guest` (`id_guest`, `id_operating_system`, `id_web_browser`, `id_customer`, `javascript`, `screen_resolution_x`, `screen_resolution_y`, `screen_color`, `sun_java`, `adobe_flash`, `adobe_director`, `apple_quicktime`, `real_player`, `windows_media`, `accept_language`) VALUES
(1, 1, 3, 1, 1, 1680, 1050, 32, 1, 1, 0, 1, 1, 0, 'en-us');

INSERT INTO `PREFIX_cart` (`id_cart`, `id_carrier`, `id_lang`, `id_address_delivery`, `id_address_invoice`, `id_currency`, `id_customer`, `id_guest`, `recyclable`, `gift`, `date_add`, `date_upd`) VALUES
(1, 2, 2, 6, 6, 1, 1, 1, 1, 0, NOW(), NOW());
INSERT INTO `PREFIX_cart_product` (`id_cart`, `id_product`, `id_product_attribute`, `quantity`, `date_add`) VALUES
(1, 7, 23, 1, NOW());
INSERT INTO `PREFIX_cart_product` (`id_cart`, `id_product`, `id_product_attribute`, `quantity`, `date_add`) VALUES
(1, 9, 0, 1, NOW());

INSERT INTO `PREFIX_orders` (`id_order`, `id_carrier`, `id_lang`, `id_customer`, `id_cart`, `id_currency`, `id_address_delivery`, `id_address_invoice`, `secure_key`, `payment`, `module`, `recyclable`, `gift`, `gift_message`, `shipping_number`, `total_discounts`, `total_paid`, `total_paid_real`, `total_products`, `total_products_wt`, `total_shipping`, `total_wrapping`, `invoice_number`, `delivery_number`, `invoice_date`, `delivery_date`, `date_add`, `date_upd`) VALUES
(1, 2, 1, 1, 1, 1, 2, 2, '47ce86627c1f3c792a80773c5d2deaf8', '支票', 'cheque', 0, 0, '', '', '0.00', 625.98*7, 625.98*7, 516.72*7, 618.00*7, 7.98*7, '0.00', 0, 0, '0000-00-00 00:00:00', '0000-00-00 00:00:00', NOW(), NOW());
INSERT INTO `PREFIX_order_detail` (`id_order_detail`, `id_order`, `product_id`, `product_attribute_id`, `product_name`, `product_quantity`, `product_quantity_return`, `product_price`, `product_quantity_discount`, `product_ean13`, `product_reference`, `product_supplier_reference`, `product_weight`, `tax_name`, `tax_rate`, `ecotax`, `download_hash`, `download_nb`, `download_deadline`) VALUES
(1, 1, 7, 23, 'iPod touch - 容量：32GB', 1, 0, 392.140500*7, '0.000000', NULL, NULL, NULL, 0, 'TVA 19.6%', '19.60', '0.00', '', 0, '0000-00-00 00:00:00');
INSERT INTO `PREFIX_order_detail` (`id_order_detail`, `id_order`, `product_id`, `product_attribute_id`, `product_name`, `product_quantity`, `product_quantity_return`, `product_price`, `product_quantity_discount`, `product_ean13`, `product_reference`, `product_supplier_reference`, `product_weight`, `tax_name`, `tax_rate`, `ecotax`, `download_hash`, `download_nb`, `download_deadline`) VALUES
(2, 1, 9, 0, '入耳式隔音耳机 舒尔SE210', 1, 0, 124.581900*7, '0.000000', NULL, NULL, NULL, 0, 'TVA 19.6%', '19.60', '0.00', '', 0, '0000-00-00 00:00:00');
INSERT INTO `PREFIX_order_history` (`id_order_history`, `id_employee`, `id_order`, `id_order_state`, `date_add`) VALUES
(1, 0, 1, 1, NOW());

INSERT INTO `PREFIX_manufacturer` (`id_manufacturer`, `name`, `date_add`, `date_upd`, `active`) VALUES
(1, '苹果电脑公司', NOW(), NOW(), 1);
INSERT INTO `PREFIX_manufacturer` (`id_manufacturer`, `name`, `date_add`, `date_upd`, `active`) VALUES
(2, '舒尔有限公司', NOW(), NOW(), 1);

INSERT INTO `PREFIX_manufacturer_lang` (`id_manufacturer`, `id_lang`, `description`, `short_description`, `meta_title`, `meta_keywords`, `meta_description`) VALUES
(1, 1, '', '', '', '', '');

INSERT INTO `PREFIX_address` (`id_address`, `id_country`, `id_state`, `id_customer`, `id_manufacturer`, `id_supplier`, `alias`, `lastname`, `firstname`, `address1`, `postcode`, `city`, `phone`, `date_add`, `date_upd`, `active`, `deleted`) VALUES
(1, 1, 9, 0, 1, 0, 'manufacturer', 'COOK', 'Tim', '1 Infinite Loop', '95014', 'Cupertino', '(800) 275-2273', NOW(), NOW(), 1, 0);
INSERT INTO `PREFIX_address` (`id_address`, `id_country`, `id_state`, `id_customer`, `id_manufacturer`, `id_supplier`, `alias`, `company`, `lastname`, `firstname`, `address1`, `address2`, `postcode`, `city`, `phone`, `date_add`, `date_upd`, `active`, `deleted`) VALUES
(2, 1, 25, 1, 0, 0, 'Mon adresse', 'My Company', 'DOE', 'John', '16, Main street', '2nd floor', '750002', '银川市', '0102030405', NOW(), NOW(), 1, 0);

INSERT INTO `PREFIX_supplier` (`id_supplier`, `name`, `date_add`, `date_upd`, `active`) VALUES
(1, '苹果商店', NOW(), NOW(), 1);
INSERT INTO `PREFIX_supplier` (`id_supplier`, `name`, `date_add`, `date_upd`, `active`) VALUES
(2, '舒尔在线商店', NOW(), NOW(), 1);

INSERT INTO `PREFIX_supplier_lang` (`id_supplier`, `id_lang`, `description`, `meta_title`, `meta_keywords`, `meta_description`) VALUES
(1, 1, '', '', '', '');

INSERT INTO `PREFIX_product` (`id_product`, `indexed`, `id_supplier`, `id_manufacturer`, `id_tax_rules_group`, `id_category_default`, `id_color_default`, `on_sale`, `online_only`, `ean13`, `ecotax`, `quantity`, `price`, `wholesale_price`, `reference`, `supplier_reference`, `weight`, `out_of_stock`, `quantity_discount`, `customizable`, `uploadable_files`, `text_fields`, `active`, `date_add`, `date_upd`) VALUES
(1, 1, 1, 1, 1, 2, 2, 0, 0, '0', 0.00, 800, 124.581940*7, 70.000000*7, '', '', 0.5, 2, 0, 0, 0, 0, 1, NOW(), NOW()),
(2, 1, 1, 1, 1, 2, 0, 0, 0, '0', 0.00, 100, 66.053500*7, 33.000000*7, '', '', 0, 2, 0, 0, 0, 0, 1, NOW(), NOW()),
(5, 1, 1, 1, 1, 4, 0, 0, 0, '0', 0.00, 274, 1504.180602*7, 1000.000000*7, '', NULL, 1.36, 2, 0, 0, 0, 0, 1, NOW(), NOW()),
(6, 1, 1, 1, 1, 4, 0, 0, 0, '0', 0.00, 250, 1170.568561*7, 0.000000*7, '', NULL, 0.75, 2, 0, 0, 0, 0, 1, NOW(), NOW()),
(7, 1, 0, 0, 1, 2, 0, 0, 0, '', 0.00, 180, 241.638796*7, 200.000000*7, '', NULL, 0, 2, 0, 0, 0, 0, 1, NOW(), NOW()),
(8, 1, 0, 0, 1, 3, 0, 0, 1, '', 0.00, 1, 25.041806*7, 0.000000*7, '', NULL, 0, 2, 0, 0, 0, 0, 1, NOW(), NOW()),
(9, 1, 2, 2, 1, 3, 0, 0, 1, '', 0.00, 1, 124.581940*7, 0.000000*7, '', NULL, 0, 2, 0, 0, 0, 0, 1, NOW(), NOW());


INSERT INTO `PREFIX_product_lang` (`id_product`, `id_lang`, `description`, `description_short`, `link_rewrite`, `meta_description`, `meta_keywords`, `meta_title`, `name`, `available_now`, `available_later`) VALUES
(1, 1, '<p><strong><span style="font-size: small;">Curved ahead of the curve.</span></strong></p>\r\n<p>For those about to rock, we give you nine amazing colors. But that''s only part of the story. Feel the curved, all-aluminum and glass design and you won''t want to put iPod nano down.</p>\r\n<p><strong><span style="font-size: small;">Great looks. And brains, too.</span></strong></p>\r\n<p>The new Genius feature turns iPod nano into your own highly intelligent, personal DJ. It creates playlists by finding songs in your library that go great together.</p>\r\n<p><strong><span style="font-size: small;">Made to move with your moves.</span></strong></p>\r\n<p>The accelerometer comes to iPod nano. Give it a shake to shuffle your music. Turn it sideways to view Cover Flow. And play games designed with your moves in mind.</p>', '<p>New design. New features. Now in 8GB and 16GB. iPod nano rocks like never before.</p>', 'ipod-nano', '', '', '', 'iPod Nano', '有现货', ''),
(2, 1, '<p><span style="font-size: small;"><strong>Instant attachment.</strong></span></p>\r\n<p>Wear up to 500 songs on your sleeve. Or your belt. Or your gym shorts. iPod shuffle is a badge of musical devotion. Now in new, more brilliant colors.</p>\r\n<p><span style="font-size: small;"><strong>Feed your iPod shuffle.</strong></span></p>\r\n<p>iTunes is your entertainment superstore. It’s your ultra-organized music collection and jukebox. And it’s how you load up your iPod shuffle in one click.</p>\r\n<p><span style="font-size: small;"><strong>Beauty and the beat.</strong></span></p>\r\n<p>Intensely colorful anodized aluminum complements the simple design of iPod shuffle. Now in blue, green, pink, red, and original silver.</p>', '<p>iPod shuffle, the world’s most wearable music player, now clips on in more vibrant blue, green, pink, and red.</p>', 'ipod-shuffle', '', '', '', 'iPod shuffle', '有现货', ''),
(5, 1, '<p>MacBook Air is nearly as thin as your index finger. Practically every detail that could be streamlined has been. Yet it still has a 13.3-inch widescreen LED display, full-size keyboard, and large multi-touch trackpad. It’s incomparably portable without the usual ultraportable screen and keyboard compromises.</p><p>The incredible thinness of MacBook Air is the result of numerous size- and weight-shaving innovations. From a slimmer hard drive to strategically hidden I/O ports to a lower-profile battery, everything has been considered and reconsidered with thinness in mind.</p><p>MacBook Air is designed and engineered to take full advantage of the wireless world. A world in which 802.11n Wi-Fi is now so fast and so available, people are truly living untethered — buying and renting movies online, downloading software, and sharing and storing files on the web. </p>', 'MacBook Air is ultrathin, ultraportable, and ultra unlike anything else. But you don’t lose inches and pounds overnight. It’s the result of rethinking conventions. Of multiple wireless innovations. And of breakthrough design. With MacBook Air, mobile computing suddenly has a new standard.', 'macbook-air', '', '', '', 'MacBook Air', '', NULL),
(6, 1, 'Every MacBook has a larger hard drive, up to 250GB, to store growing media collections and valuable data.<br /><br />The 2.4GHz MacBook models now include 2GB of memory standard — perfect for running more of your favorite applications smoothly.', 'MacBook makes it easy to hit the road thanks to its tough polycarbonate case, built-in wireless technologies, and innovative MagSafe Power Adapter that releases automatically if someone accidentally trips on the cord.', 'macbook', '', '', '', 'MacBook', '', NULL),
(7, 1, '<h3>Five new hands-on applications</h3>\r\n<p>View rich HTML email with photos as well as PDF, Word, and Excel attachments. Get maps, directions, and real-time traffic information. Take notes and read stock and weather reports.</p>\r\n<h3>Touch your music, movies, and more</h3>\r\n<p>The revolutionary Multi-Touch technology built into the gorgeous 3.5-inch display lets you pinch, zoom, scroll, and flick with your fingers.</p>\r\n<h3>Internet in your pocket</h3>\r\n<p>With the Safari web browser, see websites the way they were designed to be seen and zoom in and out with a tap.<sup>2</sup> And add Web Clips to your Home screen for quick access to favorite sites.</p>\r\n<h3>What''s in the box</h3>\r\n<ul>\r\n<li><span></span>iPod touch</li>\r\n<li><span></span>Earphones</li>\r\n<li><span></span>USB 2.0 cable</li>\r\n<li><span></span>Dock adapter</li>\r\n<li><span></span>Polishing cloth</li>\r\n<li><span></span>Stand</li>\r\n<li><span></span>Quick Start guide</li>\r\n</ul>', '<ul>\r\n<li>Revolutionary Multi-Touch interface</li>\r\n<li>3.5-inch widescreen color display</li>\r\n<li>Wi-Fi (802.11b/g)</li>\r\n<li>8 mm thin</li>\r\n<li>Safari, YouTube, Mail, Stocks, Weather, Notes, iTunes Wi-Fi Music Store, Maps</li>\r\n</ul>', 'ipod-touch', '', '', '', 'iPod touch', '', NULL),
(8, 1, '<p>Lorem ipsum</p>', '<p>Lorem ipsum</p>', 'belkin-leather-folio-for-ipod-nano-black-chocolate', '', '', '', 'Belkin Leather Folio for iPod nano - Black / Chocolate', '', NULL),
(9, 1, '<div class="product-overview-full">Using Hi-Definition MicroSpeakers to deliver full-range audio, the ergonomic and lightweight design of the SE210 earphones is ideal for premium on-the-go listening on your iPod or iPhone. They offer the most accurate audio reproduction from both portable and home stereo audio sources--for the ultimate in precision highs and rich low end. In addition, the flexible design allows you to choose the most comfortable fit from a variety of wearing positions. <br /> <br /> <strong>Features </strong> <br /> \r\n<ul>\r\n<li>Sound-isolating design </li>\r\n<li> Hi-Definition MicroSpeaker with a single balanced armature driver </li>\r\n<li> Detachable, modular cable so you can make the cable longer or shorter depending on your activity </li>\r\n<li> Connector compatible with earphone ports on both iPod and iPhone </li>\r\n</ul>\r\n<strong>Specifications </strong><br /> \r\n<ul>\r\n<li>Speaker type: Hi-Definition MicroSpeaker </li>\r\n<li> Frequency range: 25Hz-18.5kHz </li>\r\n<li> Impedance (1kHz): 26 Ohms </li>\r\n<li> Sensitivity (1mW): 114 dB SPL/mW </li>\r\n<li> Cable length (with extension): 18.0 in./45.0 cm (54.0 in./137.1 cm) </li>\r\n</ul>\r\n<strong>In the box</strong><br /> \r\n<ul>\r\n<li>Shure SE210 earphones </li>\r\n<li> Extension cable (36.0 in./91.4 cm) </li>\r\n<li> Three pairs foam earpiece sleeves (small, medium, large) </li>\r\n<li> Three pairs soft flex earpiece sleeves (small, medium, large) </li>\r\n<li> One pair triple-flange earpiece sleeves </li>\r\n<li> Carrying case </li>\r\n</ul>\r\nWarranty<br /> Two-year limited <br />(For details, please visit <br />www.shure.com/PersonalAudio/CustomerSupport/ProductReturnsAndWarranty/index.htm.) <br /><br /> Mfr. Part No.: SE210-A-EFS <br /><br />Note: Products sold through this website that do not bear the Apple Brand name are serviced and supported exclusively by their manufacturers in accordance with terms and conditions packaged with the products. Apple''s Limited Warranty does not apply to products that are not Apple-branded, even if packaged or sold with Apple products. Please contact the manufacturer directly for technical support and customer service.</div>', '<p>Evolved from personal monitor technology road-tested by pro musicians and perfected by Shure engineers, the lightweight and stylish SE210 delivers full-range audio that''s free from outside noise.</p>', 'ecouteurs-a-isolation-sonore-shure-se210-blanc', '', '', '', 'Shure SE210 Sound-Isolating Earphones for iPod and iPhone', '', NULL);

INSERT INTO `PREFIX_specific_price` (`id_product`, `id_shop`, `id_currency`, `id_country`, `id_group`, `price`, `from_quantity`, `reduction`, `reduction_type`, `from`, `to`) VALUES
(1, 0, 0, 0, 0, 0, 1, 0.05, 'percentage', '0000-00-00 00:00:00', '0000-00-00 00:00:00');

INSERT INTO `PREFIX_category` (`id_category`, `id_parent`, `level_depth`, `nleft`, `nright`, `active`, `date_add`, `date_upd`, `position`) VALUES
(2, 1, 1, 2, 3, 1, NOW(), NOW(), 0),
(3, 1, 1, 4, 5, 1, NOW(), NOW(), 1),
(4, 1, 1, 6, 7, 1, NOW(), NOW(), 2);

INSERT INTO `PREFIX_category_lang` (`id_category`, `id_lang`, `name`, `description`, `link_rewrite`, `meta_title`, `meta_keywords`, `meta_description`) VALUES
(2, 1, 'iPods', 'Now that you can buy movies from the iTunes Store and sync them to your iPod, the whole world is your theater.', 'music-ipods', '', '', ''),
(3, 1, 'Accessories', 'Wonderful accessories for your iPod', 'accessories-ipod', '', '', ''),
(4, 1, 'Laptops', 'The latest Intel processor, a bigger hard drive, plenty of memory, and even more new features all fit inside just one liberating inch. The new Mac laptops have the performance, power, and connectivity of a desktop computer. Without the desk part.', 'laptops', 'Apple laptops', 'Apple laptops MacBook Air', 'Powerful and chic Apple laptops');

INSERT INTO `PREFIX_category_product` (`id_category`, `id_product`, `position`) VALUES
(1, 1, 0),
(1, 2, 1),
(1, 6, 2),
(1, 7, 3),
(2, 1, 0),
(2, 2, 1),
(2, 7, 2),
(3, 8, 0),
(3, 9, 1),
(4, 5, 0),
(4, 6, 1);

INSERT INTO `PREFIX_attribute_group` (`id_attribute_group`, `is_color_group`) VALUES
(1, 0),
(2, 1),
(3, 0);

INSERT INTO `PREFIX_attribute_group_lang` (`id_attribute_group`, `id_lang`, `name`, `public_name`) VALUES
(1, 1, '存储空间', '存储空间'),
(2, 1, '颜色', '颜色'),
(3, 1, 'CPU', '处理器');

INSERT INTO `PREFIX_attribute_impact` (`id_attribute_impact`, `id_product`, `id_attribute`, `weight`, `price`) VALUES
(1, 1, 2, 0, 60.00),
(2, 1, 5, 0, 0.00),
(3, 1, 16, 0, 50.00),
(4, 1, 15, 0, 0.00),
(5, 1, 4, 0, 0.00),
(6, 1, 19, 0, 0.00),
(7, 1, 3, 0, 0.00),
(8, 1, 14, 0, 0.00),
(9, 1, 7, 0, 0.00),
(10, 1, 20, 0, 0.00),
(11, 1, 6, 0, 0.00),
(12, 1, 18, 0, 0.00);

INSERT INTO `PREFIX_scene` (`id_scene`, `active`) VALUES
(1, 1),
(2, 1),
(3, 1);

INSERT INTO `PREFIX_scene_category` (`id_scene`, `id_category`) VALUES
(1, 2),
(2, 2),
(3, 4);

INSERT INTO `PREFIX_scene_lang` (`id_scene`, `id_lang`, `name`) VALUES
(1, 1, 'The iPods Nano'),
(2, 1, 'The iPods'),
(3, 1, 'The MacBooks');

INSERT INTO `PREFIX_scene_products` (`id_scene`, `id_product`, `x_axis`, `y_axis`, `zone_width`, `zone_height`) VALUES
(1, 1, 474, 15, 72, 166),
(2, 2, 389, 137, 51, 46),
(2, 7, 111, 83, 161, 108),
(2, 1, 340, 31, 46, 151),
(3, 6, 355, 37, 151, 103),
(3, 6, 50, 47, 128, 84),
(3, 5, 198, 47, 137, 92),
(1, 1, 394, 14, 73, 168),
(1, 1, 318, 14, 69, 168),
(1, 1, 244, 14, 66, 169),
(1, 1, 180, 13, 59, 168),
(1, 1, 6, 12, 30, 175),
(1, 1, 38, 12, 30, 170),
(1, 1, 76, 14, 41, 169),
(1, 1, 123, 13, 49, 169);

INSERT INTO `PREFIX_attribute` (`id_attribute`, `id_attribute_group`) VALUES
(1, 1),
(2, 1),
(8, 1),
(9, 1),
(10, 3),
(11, 3),
(12, 1),
(13, 1);
INSERT INTO `PREFIX_attribute` (`id_attribute`, `id_attribute_group`, `color`) VALUES
(3, 2, '#D2D6D5'),
(4, 2, '#008CB7'),
(5, 2, '#F3349E'),
(6, 2, '#93D52D'),
(7, 2, '#FD9812'),
(15, 1, ''),
(16, 1, ''),
(17, 1, ''),
(18, 2, '#7800F0'),
(19, 2, '#F6EF04'),
(20, 2, '#F60409'),
(14, 2, '#000000');

INSERT INTO `PREFIX_attribute_lang` (`id_attribute`, `id_lang`, `name`) VALUES
(1, 1, '2GB'),
(2, 1, '4GB'),
(3, 1, '银色'),
(4, 1, '蓝色'),
(5, 1, '粉红色'),
(6, 1, '绿色'),
(7, 1, '橙色'),
(8, 1, '64GB固态硬盘可选'),
(9, 1, '80GB并行ATA驱动器 @ 4200转/分钟'),
(10, 1, '1.60GHz Intel Core 2 双核'),
(11, 1, '1.80GHz Intel Core 2 双核'),
(12, 1, '80GB: 20,000首歌'),
(13, 1, '160GB: 40,000首歌'),
(14, 1, '黑色'),
(15, 1, '8GB'),
(16, 1, '16GB'),
(17, 1, '32GB');

INSERT INTO `PREFIX_attribute_lang` (`id_attribute`, `id_lang`, `name`) VALUES
(18, 1, '紫色'),
(19, 1, '黄色'),
(20, 1, '红色');

INSERT INTO `PREFIX_product_attribute` (`id_product_attribute`, `id_product`, `reference`, `supplier_reference`, `ean13`, `wholesale_price`, `price`, `ecotax`, `quantity`, `weight`, `default_on`, `minimal_quantity`) VALUES
(30, 1, '', '', '', 0.000000, 0.00, 0.00, 50, 0, 0, 1),
(29, 1, '', '', '', 0.000000, 41.806020, 0.00, 50, 0, 0, 1),
(28, 1, '', '', '', 0.000000, 0.00, 0.00, 50, 0, 0, 1),
(27, 1, '', '', '', 0.000000, 41.806020, 0.00, 50, 0, 0, 1),
(26, 1, '', '', '', 0.000000, 0.00, 0.00, 50, 0, 0, 1),
(25, 1, '', '', '', 0.000000, 41.806020, 0.00, 50, 0, 0, 4),
(7, 2, '', '', '', 0.000000, 0.00, 0.00, 10, 0, 0, 1),
(8, 2, '', '', '', 0.000000, 0.00, 0.00, 20, 0, 1, 1),
(9, 2, '', '', '', 0.000000, 0.00, 0.00, 30, 0, 0, 1),
(10, 2, '', '', '', 0.000000, 0.00, 0.00, 40, 0, 0, 1),
(12, 5, '', NULL, '', 0.000000, 751.672241, 0.00, 100, 0, 0, 1),
(13, 5, '', NULL, '', 0.000000, 0.00, 0.00, 99, 0, 1, 1),
(14, 5, '', NULL, '', 0.000000, 225.752508, 0.00, 50, 0, 0, 1),
(15, 5, '', NULL, '', 0.000000, 977.424749, 0.00, 25, 0, 0, 1),
(23, 7, '', NULL, '', 0.000000, 150.501672, 0.00, 70, 0, 0, 1),
(22, 7, '', NULL, '', 0.000000, 75.250836, 0.00, 60, 0, 0, 1),
(19, 7, '', NULL, '', 0.000000, 0.00, 0.00, 50, 0, 1, 1),
(31, 1, '', '', '', 0.000000, 41.806020, 0.00, 50, 0, 1, 1),
(32, 1, '', '', '', 0.000000, 0.00, 0.00, 50, 0, 0, 1),
(33, 1, '', '', '', 0.000000, 41.806020, 0.00, 50, 0, 0, 1),
(34, 1, '', '', '', 0.000000, 0.00, 0.00, 50, 0, 0, 1),
(35, 1, '', '', '', 0.000000, 41.806020, 0.00, 50, 0, 0, 1),
(36, 1, '', '', '', 0.000000, 0.00, 0.00, 50, 0, 0, 1),
(39, 1, '', '', '', 0.000000, 41.806020, 0.00, 50, 0, 0, 1),
(40, 1, '', '', '', 0.000000, 0.00, 0.00, 50, 0, 0, 1),
(41, 1, '', '', '', 0.000000, 41.806020, 0.00, 50, 0, 0, 1),
(42, 1, '', '', '', 0.000000, 0.00, 0.00, 50, 0, 0, 1);

INSERT INTO `PREFIX_product_attribute_image` (`id_product_attribute`, `id_image`) VALUES
(30, 44),
(29, 44),
(28, 45),
(27, 45),
(26, 38),
(25, 38),
(7, 46),
(8, 47),
(9, 49),
(10, 48),
(12, 0),
(13, 0),
(14, 0),
(15, 0),
(23, 0),
(22, 0),
(19, 0),
(31, 37),
(32, 37),
(33, 40),
(34, 40),
(35, 41),
(36, 41),
(39, 39),
(40, 39),
(41, 42),
(42, 42);

INSERT INTO `PREFIX_product_attribute_combination` (`id_attribute`, `id_product_attribute`) VALUES
(3, 9),
(3, 12),
(3, 13),
(3, 14),
(3, 15),
(3, 29),
(3, 30),
(4, 7),
(4, 25),
(4, 26),
(5, 10),
(5, 35),
(5, 36),
(6, 8),
(6, 39),
(6, 40),
(7, 33),
(7, 34),
(8, 13),
(8, 15),
(9, 12),
(9, 14),
(10, 12),
(10, 13),
(11, 14),
(11, 15),
(14, 31),
(14, 32),
(15, 19),
(15, 26),
(15, 28),
(15, 30),
(15, 32),
(15, 34),
(15, 36),
(15, 40),
(15, 42),
(16, 22),
(16, 25),
(16, 27),
(16, 29),
(16, 31),
(16, 33),
(16, 35),
(16, 39),
(16, 41),
(17, 23),
(18, 41),
(18, 42),
(19, 27),
(19, 28);

INSERT INTO `PREFIX_feature` (`id_feature`) VALUES
(1),
(2),
(3),
(4),
(5);

INSERT INTO `PREFIX_feature_lang` (`id_feature`, `id_lang`, `name`) VALUES
(1, 1, '高'),
(2, 1, '宽'),
(3, 1, '深'),
(4, 1, '重量'),
(5, 1, '耳机插孔');

INSERT INTO `PREFIX_feature_product` (`id_feature`, `id_product`, `id_feature_value`) VALUES
(1, 1, 11),
(1, 2, 15),
(2, 1, 12),
(2, 2, 16),
(3, 1, 14),
(3, 2, 18),
(4, 1, 13),
(4, 2, 17),
(5, 1, 10),
(5, 2, 10),
(3, 7, 26),
(5, 7, 9),
(4, 7, 25),
(2, 7, 24),
(1, 7, 23);

INSERT INTO `PREFIX_feature_value` (`id_feature_value`, `id_feature`, `custom`) VALUES
(11, 1, 1),
(15, 1, 1),
(12, 2, 1),
(16, 2, 1),
(14, 3, 1),
(18, 3, 1),
(13, 4, 1),
(17, 4, 1),
(26, 3, 1),
(25, 4, 1),
(24, 2, 1),
(23, 1, 1),
(9, 5, 0),
(10, 5, 0);

INSERT INTO `PREFIX_feature_value_lang` (`id_feature_value`, `id_lang`, `value`) VALUES
(13, 1, '49.2 g'),
(12, 1, '2.06 in'),
(11, 1, '2.75 in'),
(17, 1, '15.5 g'),
(16, 1, '1.62 in'),
(15, 1, '1.07 in'),
(9, 1, 'Jack stereo'),
(10, 1, 'Mini-jack stereo'),
(14, 1, '0.26 in'),
(18, 1, '0.41 in (clip included)'),
(26, 1, '0.31 in'),
(25, 1, '120g'),
(24, 1, '2.76 in'),
(23, 1, '4.33 in');

INSERT INTO `PREFIX_image` (`id_image`, `id_product`, `position`, `cover`) VALUES
(40, 1, 4, 0),
(39, 1, 3, 0),
(38, 1, 2, 0),
(37, 1, 1, 1),
(48, 2, 3, 0),
(47, 2, 2, 0),
(49, 2, 4, 0),
(46, 2, 1, 1),
(15, 5, 1, 1),
(16, 5, 2, 0),
(17, 5, 3, 0),
(18, 6, 4, 0),
(19, 6, 5, 0),
(20, 6, 1, 1),
(24, 7, 1, 1),
(33, 8, 1, 1),
(27, 7, 3, 0),
(26, 7, 2, 0),
(29, 7, 4, 0),
(30, 7, 5, 0),
(32, 7, 6, 0),
(36, 9, 1, 1),
(41, 1, 5, 0),
(42, 1, 6, 0),
(44, 1, 7, 0),
(45, 1, 8, 0);

INSERT INTO `PREFIX_image_lang` (`id_image`, `id_lang`, `legend`) VALUES
(40, 1, 'iPod Nano'),
(39, 1, 'iPod Nano'),
(38, 1, 'iPod Nano'),
(37, 1, 'iPod Nano'),
(48, 1, 'iPod shuffle'),
(47, 1, 'iPod shuffle'),
(49, 1, 'iPod shuffle'),
(46, 1, 'iPod shuffle'),
(10, 1, 'luxury-cover-for-ipod-video'),
(11, 1, 'cover'),
(12, 1, 'myglove-ipod-nano'),
(13, 1, 'myglove-ipod-nano'),
(14, 1, 'myglove-ipod-nano'),
(15, 1, 'MacBook Air'),
(16, 1, 'MacBook Air'),
(17, 1, 'MacBook Air'),
(18, 1, 'MacBook Air'),
(19, 1, 'MacBook Air'),
(20, 1, ' MacBook Air SuperDrive'),
(24, 1, 'iPod touch'),
(33, 1, 'housse-portefeuille-en-cuir'),
(26, 1, 'iPod touch'),
(27, 1, 'iPod touch'),
(29, 1, 'iPod touch'),
(30, 1, 'iPod touch'),
(32, 1, 'iPod touch'),
(36, 1, 'Shure SE210 Sound-Isolating Earphones for iPod and iPhone'),
(41, 1, 'iPod Nano'),
(42, 1, 'iPod Nano'),
(44, 1, 'iPod Nano'),
(45, 1, 'iPod Nano');

INSERT INTO `PREFIX_tag` (`id_tag`, `id_lang`, `name`) VALUES
(5, 1, 'apple'),
(22, 1, 'superdrive'),
(23, 1, 'Ipod touch'),
(28, 1, 'ipod'),
(29, 1, 'nano'),
(33, 1, 'shuffle');

INSERT INTO `PREFIX_product_tag` (`id_product`, `id_tag`) VALUES
(1, 5),
(1, 6),
(1, 7),
(1, 8),
(1, 28),
(1, 29),
(1, 30),
(1, 31),
(1, 32),
(2, 6),
(2, 18),
(2, 28),
(2, 30),
(2, 33),
(2, 34),
(5, 8),
(5, 19),
(5, 20),
(5, 21),
(6, 5),
(6, 8),
(6, 22),
(6, 32),
(6, 35),
(6, 36),
(7, 23),
(7, 24),
(7, 37),
(9, 25),
(9, 26),
(9, 27);

INSERT INTO `PREFIX_alias` (`alias`, `search`, `active`, `id_alias`) VALUES
('piod', 'ipod', 1, 4),
('ipdo', 'ipod', 1, 3);
INSERT INTO `PREFIX_order_message` (`id_order_message`, `date_add`) VALUES
(1, NOW());
INSERT INTO `PREFIX_order_message_lang` (`id_order_message`, `id_lang`, `name`, `message`) VALUES
(1, 1, 'Delay', 'Hi,

Unfortunately, an item on your order is currently out of stock. This may cause a slight delay in delivery.
Please accept our apologies and rest assured that we are working hard to rectify this.

Best regards,');





INSERT INTO `PREFIX_cms_block` (`id_cms_block`, `id_cms_category`, `name`, `location`, `position`) VALUES
(1, 1, '', 0, 0);
INSERT INTO `PREFIX_cms_block_page` (`id_cms_block_page`, `id_cms_block`, `id_cms`, `is_category`) VALUES
(1, 1, 1, 0),
(2, 1, 2, 0),
(3, 1, 3, 0),
(4, 1, 4, 0),
(5, 1, 5, 0),
(6, 1, 6, 0),
(7, 1, 7, 0);
INSERT INTO `PREFIX_cms_block_lang` (`id_cms_block`, `id_lang`, `name`) VALUES
(1, 1, '店铺信息');


INSERT INTO `PREFIX_module_currency` (`id_module`, `id_currency`) VALUES
(3, 1),
(3, 2),
(3, 3),
(4, 1),
(4, 2),
(4, 3),
(6, 1),
(6, 2),
(6, 3);
INSERT INTO `PREFIX_module_group` (`id_module`, `id_group`) VALUES
(3, 1),
(4, 1),
(6, 1);

INSERT INTO `PREFIX_module_country` (`id_module`, `id_country`) VALUES
(3, 1),
(3, 2),
(3, 3),
(3, 4),
(3, 5),
(3, 6),
(3, 7),
(3, 8),
(3, 9),
(3, 10),
(3, 11),
(3, 12),
(3, 13),
(3, 14),
(3, 15),
(3, 16),
(3, 17),
(3, 18),
(3, 19),
(3, 20),
(3, 21),
(3, 22),
(3, 23),
(3, 24),
(3, 25),
(3, 26),
(3, 27),
(3, 28),
(3, 29),
(3, 30),
(3, 31),
(3, 32),
(3, 33),
(3, 34),
(4, 1),
(4, 2),
(4, 3),
(4, 4),
(4, 5),
(4, 6),
(4, 7),
(4, 8),
(4, 9),
(4, 10),
(4, 11),
(4, 12),
(4, 13),
(4, 14),
(4, 15),
(4, 16),
(4, 17),
(4, 18),
(4, 19),
(4, 20),
(4, 21),
(4, 22),
(4, 23),
(4, 24),
(4, 25),
(4, 26),
(4, 27),
(4, 28),
(4, 29),
(4, 30),
(4, 31),
(4, 32),
(4, 33),
(4, 34),
(6, 1),
(6, 2),
(6, 3),
(6, 4),
(6, 5),
(6, 6),
(6, 7),
(6, 8),
(6, 9),
(6, 10),
(6, 11),
(6, 12),
(6, 13),
(6, 14),
(6, 15),
(6, 16),
(6, 17),
(6, 18),
(6, 19),
(6, 20),
(6, 21),
(6, 22),
(6, 23),
(6, 24),
(6, 25),
(6, 26),
(6, 27),
(6, 28),
(6, 29),
(6, 30),
(6, 31),
(6, 32),
(6, 33),
(6, 34);

INSERT INTO `PREFIX_search_index` (`id_product`, `id_word`, `weight`) VALUES
(1, 1, 10),
(1, 2, 10),
(1, 3, 2),
(1, 4, 1),
(1, 5, 1),
(1, 6, 1),
(1, 7, 1),
(1, 8, 1),
(1, 9, 1),
(1, 10, 1),
(1, 11, 1),
(1, 12, 1),
(1, 13, 1),
(1, 14, 1),
(1, 15, 1),
(1, 16, 2),
(1, 17, 1),
(1, 18, 1),
(1, 19, 1),
(1, 20, 1),
(1, 21, 1),
(1, 22, 1),
(1, 23, 1),
(1, 24, 1),
(1, 25, 1),
(1, 26, 1),
(1, 27, 1),
(1, 28, 1),
(1, 29, 1),
(1, 30, 1),
(1, 31, 2),
(1, 32, 1),
(1, 33, 1),
(1, 34, 1),
(1, 35, 1),
(1, 36, 1),
(1, 37, 1),
(1, 38, 5),
(1, 39, 1),
(1, 40, 1),
(1, 41, 1),
(1, 42, 1),
(1, 43, 1),
(1, 44, 1),
(1, 45, 1),
(1, 46, 1),
(1, 47, 1),
(1, 48, 1),
(1, 49, 1),
(1, 50, 1),
(1, 51, 2),
(1, 52, 2),
(1, 53, 1),
(1, 54, 1),
(1, 55, 1),
(1, 56, 1),
(1, 57, 1),
(1, 58, 1),
(1, 59, 1),
(1, 60, 1),
(1, 61, 1),
(1, 62, 1),
(1, 63, 1),
(1, 64, 1),
(1, 65, 1),
(1, 66, 1),
(1, 67, 3),
(1, 68, 3),
(1, 69, 3),
(1, 70, 4),
(1, 71, 16),
(1, 72, 4),
(1, 73, 4),
(1, 74, 4),
(1, 75, 4),
(1, 76, 4),
(1, 77, 4),
(1, 78, 4),
(1, 79, 2),
(1, 80, 2),
(1, 81, 2),
(1, 82, 12),
(1, 83, 12),
(1, 84, 1),
(1, 85, 2),
(1, 86, 1),
(1, 87, 2),
(1, 88, 1),
(1, 89, 1),
(1, 90, 2),
(1, 91, 1),
(1, 92, 1),
(1, 93, 1),
(1, 94, 1),
(1, 95, 4),
(1, 96, 1),
(1, 97, 1),
(1, 98, 1),
(1, 99, 1),
(1, 100, 1),
(1, 101, 1),
(1, 102, 1),
(1, 103, 1),
(1, 104, 1),
(1, 105, 1),
(1, 106, 1),
(1, 107, 1),
(1, 108, 1),
(1, 109, 2),
(1, 110, 1),
(1, 111, 1),
(1, 112, 1),
(1, 113, 1),
(1, 114, 1),
(1, 115, 2),
(1, 116, 2),
(1, 117, 1),
(1, 118, 3),
(1, 119, 1),
(1, 120, 1),
(1, 121, 1),
(1, 122, 1),
(1, 123, 1),
(1, 124, 1),
(1, 125, 1),
(1, 126, 1),
(1, 127, 1),
(1, 128, 1),
(1, 129, 1),
(1, 130, 1),
(1, 131, 1),
(1, 132, 1),
(1, 133, 1),
(1, 134, 1),
(1, 135, 1),
(1, 136, 1),
(1, 137, 1),
(1, 138, 1),
(1, 139, 1),
(1, 140, 1),
(1, 141, 1),
(1, 142, 1),
(1, 143, 1),
(1, 144, 1),
(1, 145, 3),
(1, 146, 7),
(1, 147, 3),
(1, 148, 4),
(1, 149, 16),
(1, 150, 4),
(1, 151, 4),
(1, 152, 4),
(1, 153, 4),
(1, 154, 4),
(1, 155, 4),
(1, 156, 4),
(1, 157, 2),
(1, 158, 2),
(1, 159, 2),
(1, 160, 9),
(1, 161, 8),
(1, 162, 1),
(1, 163, 2),
(1, 164, 1),
(1, 165, 1),
(1, 166, 1),
(1, 167, 1),
(1, 168, 1),
(1, 169, 1),
(1, 170, 2),
(1, 171, 1),
(1, 172, 1),
(1, 173, 4),
(1, 174, 1),
(1, 175, 1),
(1, 176, 1),
(1, 177, 1),
(1, 178, 1),
(1, 179, 1),
(1, 180, 1),
(1, 181, 1),
(1, 182, 1),
(1, 183, 1),
(1, 184, 1),
(1, 185, 1),
(1, 186, 1),
(1, 187, 1),
(1, 188, 1),
(1, 189, 1),
(1, 190, 1),
(1, 191, 1),
(1, 192, 1),
(1, 193, 1),
(1, 194, 1),
(1, 195, 1),
(1, 196, 1),
(1, 197, 1),
(1, 198, 1),
(1, 199, 1),
(1, 200, 1),
(1, 201, 1),
(1, 202, 1),
(1, 203, 1),
(1, 204, 1),
(1, 205, 1),
(1, 206, 1),
(1, 207, 1),
(1, 208, 1),
(1, 209, 1),
(1, 210, 1),
(1, 211, 1),
(1, 212, 1),
(1, 213, 1),
(1, 214, 1),
(1, 215, 1),
(1, 216, 1),
(1, 217, 1),
(1, 218, 1),
(1, 219, 1),
(1, 220, 1),
(1, 221, 1),
(1, 222, 3),
(1, 223, 3),
(1, 224, 3),
(1, 225, 4),
(1, 226, 16),
(1, 227, 4),
(1, 228, 4),
(1, 229, 4),
(1, 230, 4),
(1, 231, 4),
(1, 232, 4),
(1, 233, 4),
(1, 234, 2),
(1, 235, 2),
(2, 1, 11),
(2, 56, 10),
(2, 236, 1),
(2, 237, 1),
(2, 238, 1),
(2, 239, 1),
(2, 57, 2),
(2, 240, 1),
(2, 241, 1),
(2, 242, 2),
(2, 243, 1),
(2, 244, 2),
(2, 245, 2),
(2, 246, 2),
(2, 247, 1),
(2, 248, 1),
(2, 249, 1),
(2, 45, 1),
(2, 38, 7),
(2, 250, 1),
(2, 251, 1),
(2, 252, 1),
(2, 253, 1),
(2, 254, 1),
(2, 255, 1),
(2, 256, 1),
(2, 257, 1),
(2, 19, 1),
(2, 258, 1),
(2, 259, 1),
(2, 260, 1),
(2, 261, 1),
(2, 262, 1),
(2, 263, 1),
(2, 264, 1),
(2, 265, 1),
(2, 266, 1),
(2, 267, 1),
(2, 268, 1),
(2, 269, 1),
(2, 270, 1),
(2, 271, 1),
(2, 272, 1),
(2, 273, 1),
(2, 274, 1),
(2, 3, 1),
(2, 275, 1),
(2, 276, 1),
(2, 277, 1),
(2, 67, 3),
(2, 68, 3),
(2, 69, 3),
(2, 73, 2),
(2, 77, 2),
(2, 70, 2),
(2, 76, 2),
(2, 278, 2),
(2, 279, 2),
(2, 80, 2),
(2, 81, 2),
(2, 82, 15),
(2, 280, 14),
(2, 281, 1),
(2, 282, 1),
(2, 90, 2),
(2, 283, 1),
(2, 284, 1),
(2, 285, 1),
(2, 286, 1),
(2, 287, 2),
(2, 288, 2),
(2, 154, 3),
(2, 289, 2),
(2, 290, 1),
(2, 291, 1),
(2, 292, 1),
(2, 0, 1),
(2, 126, 2),
(2, 294, 1),
(2, 118, 7),
(2, 295, 1),
(2, 296, 1),
(2, 297, 1),
(2, 298, 1),
(2, 299, 1),
(2, 300, 1),
(2, 301, 1),
(2, 302, 1),
(2, 95, 1),
(2, 136, 2),
(2, 303, 1),
(2, 88, 2),
(2, 304, 1),
(2, 100, 2),
(2, 101, 2),
(2, 305, 1),
(2, 306, 1),
(2, 307, 1),
(2, 308, 1),
(2, 309, 1),
(2, 310, 1),
(2, 311, 1),
(2, 312, 1),
(2, 313, 1),
(2, 314, 1),
(2, 315, 1),
(2, 316, 1),
(2, 317, 1),
(2, 109, 1),
(2, 318, 1),
(2, 319, 1),
(2, 320, 1),
(2, 321, 1),
(2, 322, 1),
(2, 323, 1),
(2, 124, 1),
(2, 324, 1),
(2, 325, 1),
(2, 85, 1),
(2, 326, 1),
(2, 327, 1),
(2, 328, 1),
(2, 329, 1),
(2, 330, 1),
(2, 331, 1),
(2, 332, 1),
(2, 333, 1),
(2, 334, 1),
(2, 145, 3),
(2, 146, 3),
(2, 147, 3),
(2, 151, 2),
(2, 155, 2),
(2, 148, 2),
(2, 335, 2),
(2, 336, 2),
(2, 158, 2),
(2, 159, 2),
(2, 160, 11),
(2, 337, 10),
(2, 338, 1),
(2, 339, 1),
(2, 340, 1),
(2, 341, 1),
(2, 166, 2),
(2, 342, 2),
(2, 343, 2),
(2, 231, 3),
(2, 344, 2),
(2, 345, 1),
(2, 346, 1),
(2, 347, 1),
(2, 348, 1),
(2, 202, 2),
(2, 349, 1),
(2, 350, 1),
(2, 351, 1),
(2, 352, 1),
(2, 353, 1),
(2, 354, 1),
(2, 355, 1),
(2, 356, 1),
(2, 357, 1),
(2, 213, 3),
(2, 358, 1),
(2, 359, 1),
(2, 179, 2),
(2, 180, 2),
(2, 360, 1),
(2, 361, 1),
(2, 362, 1),
(2, 363, 1),
(2, 364, 1),
(2, 365, 1),
(2, 366, 1),
(2, 367, 1),
(2, 368, 1),
(2, 369, 1),
(2, 370, 1),
(2, 371, 1),
(2, 372, 1),
(2, 373, 1),
(2, 374, 1),
(2, 375, 1),
(2, 376, 1),
(2, 377, 1),
(2, 378, 1),
(2, 163, 1),
(2, 379, 1),
(2, 184, 1),
(2, 380, 1),
(2, 381, 1),
(2, 204, 1),
(2, 382, 1),
(2, 383, 1),
(2, 384, 1),
(2, 222, 3),
(2, 223, 3),
(2, 224, 3),
(2, 228, 2),
(2, 232, 2),
(2, 225, 2),
(2, 385, 2),
(2, 386, 2),
(2, 234, 2),
(2, 235, 2),
(5, 387, 10),
(5, 388, 1),
(5, 389, 1),
(5, 390, 1),
(5, 391, 1),
(5, 392, 1),
(5, 393, 1),
(5, 394, 1),
(5, 395, 1),
(5, 396, 1),
(5, 397, 1),
(5, 398, 2),
(5, 399, 1),
(5, 400, 1),
(5, 401, 1),
(5, 402, 2),
(5, 403, 2),
(5, 404, 1),
(5, 3, 1),
(5, 51, 2),
(5, 405, 1),
(5, 406, 1),
(5, 407, 1),
(5, 408, 1),
(5, 409, 1),
(5, 410, 1),
(5, 411, 1),
(5, 38, 1),
(5, 412, 1),
(5, 413, 1),
(5, 414, 1),
(5, 415, 1),
(5, 416, 1),
(5, 47, 1),
(5, 417, 1),
(5, 418, 1),
(5, 419, 2),
(5, 420, 1),
(5, 421, 1),
(5, 422, 1),
(5, 423, 1),
(5, 424, 1),
(5, 425, 1),
(5, 426, 1),
(5, 427, 1),
(5, 428, 1),
(5, 429, 1),
(5, 430, 1),
(5, 431, 1),
(5, 432, 1),
(5, 433, 1),
(5, 434, 1),
(5, 435, 1),
(5, 436, 1),
(5, 437, 1),
(5, 438, 2),
(5, 439, 1),
(5, 440, 1),
(5, 441, 1),
(5, 442, 1),
(5, 443, 1),
(5, 444, 1),
(5, 445, 9),
(5, 446, 1),
(5, 447, 1),
(5, 448, 1),
(5, 449, 1),
(5, 450, 1),
(5, 451, 1),
(5, 452, 1),
(5, 453, 1),
(5, 454, 1),
(5, 65, 1),
(5, 455, 1),
(5, 456, 1),
(5, 457, 1),
(5, 458, 1),
(5, 237, 2),
(5, 459, 1),
(5, 460, 1),
(5, 461, 1),
(5, 462, 1),
(5, 463, 1),
(5, 464, 1),
(5, 465, 1),
(5, 466, 1),
(5, 467, 1),
(5, 468, 1),
(5, 469, 1),
(5, 470, 1),
(5, 471, 1),
(5, 472, 1),
(5, 473, 1),
(5, 474, 1),
(5, 475, 1),
(5, 476, 1),
(5, 477, 3),
(5, 68, 3),
(5, 69, 3),
(5, 70, 8),
(5, 478, 4),
(5, 479, 4),
(5, 480, 4),
(5, 481, 4),
(5, 482, 8),
(5, 483, 8),
(5, 484, 4),
(5, 485, 4),
(5, 486, 4),
(5, 487, 4),
(5, 488, 14),
(5, 489, 3),
(5, 490, 1),
(5, 283, 2),
(5, 491, 1),
(5, 103, 2),
(5, 492, 1),
(5, 493, 1),
(5, 494, 1),
(5, 495, 1),
(5, 496, 1),
(5, 497, 1),
(5, 498, 1),
(5, 499, 2),
(5, 500, 3),
(5, 501, 1),
(5, 502, 1),
(5, 503, 1),
(5, 504, 2),
(5, 505, 2),
(5, 506, 1),
(5, 124, 2),
(5, 85, 1),
(5, 131, 2),
(5, 507, 1),
(5, 508, 1),
(5, 509, 1),
(5, 510, 1),
(5, 511, 1),
(5, 114, 1),
(5, 512, 1),
(5, 513, 1),
(5, 514, 1),
(5, 118, 1),
(5, 515, 1),
(5, 516, 1),
(5, 517, 1),
(5, 518, 1),
(5, 519, 1),
(5, 520, 1),
(5, 521, 1),
(5, 522, 1),
(5, 523, 5),
(5, 524, 1),
(5, 525, 1),
(5, 526, 1),
(5, 527, 2),
(5, 528, 1),
(5, 529, 1),
(5, 530, 1),
(5, 531, 1),
(5, 532, 1),
(5, 109, 1),
(5, 533, 1),
(5, 534, 1),
(5, 535, 1),
(5, 536, 1),
(5, 537, 1),
(5, 538, 1),
(5, 539, 2),
(5, 540, 1),
(5, 541, 1),
(5, 542, 1),
(5, 543, 1),
(5, 544, 1),
(5, 545, 1),
(5, 546, 9),
(5, 90, 2),
(5, 547, 1),
(5, 548, 1),
(5, 549, 1),
(5, 550, 1),
(5, 551, 1),
(5, 552, 1),
(5, 553, 1),
(5, 554, 1),
(5, 555, 1),
(5, 556, 1),
(5, 557, 1),
(5, 558, 1),
(5, 559, 1),
(5, 95, 2),
(5, 560, 1),
(5, 561, 1),
(5, 562, 2),
(5, 563, 1),
(5, 564, 1),
(5, 565, 1),
(5, 566, 1),
(5, 88, 1),
(5, 567, 1),
(5, 568, 1),
(5, 569, 1),
(5, 570, 1),
(5, 571, 1),
(5, 572, 1),
(5, 573, 1),
(5, 574, 1),
(5, 575, 1),
(5, 576, 1),
(5, 577, 1),
(5, 578, 1),
(5, 579, 1),
(5, 580, 1),
(5, 581, 1),
(5, 582, 1),
(5, 583, 3),
(5, 146, 7),
(5, 147, 3),
(5, 584, 4),
(5, 148, 8),
(5, 585, 4),
(5, 586, 8),
(5, 587, 8),
(5, 588, 4),
(5, 589, 4),
(5, 590, 11),
(5, 591, 3),
(5, 592, 1),
(5, 340, 2),
(5, 593, 1),
(5, 181, 2),
(5, 594, 1),
(5, 595, 1),
(5, 596, 1),
(5, 597, 1),
(5, 598, 1),
(5, 371, 1),
(5, 599, 1),
(5, 600, 1),
(5, 601, 3),
(5, 162, 1),
(5, 602, 1),
(5, 603, 1),
(5, 604, 1),
(5, 605, 1),
(5, 606, 1),
(5, 607, 1),
(5, 163, 1),
(5, 608, 1),
(5, 609, 1),
(5, 610, 1),
(5, 611, 1),
(5, 190, 1),
(5, 612, 1),
(5, 613, 1),
(5, 614, 3),
(5, 354, 1),
(5, 615, 1),
(5, 616, 1),
(5, 617, 1),
(5, 618, 1),
(5, 619, 1),
(5, 620, 1),
(5, 621, 2),
(5, 622, 1),
(5, 623, 1),
(5, 624, 2),
(5, 625, 1),
(5, 626, 1),
(5, 627, 1),
(5, 628, 1),
(5, 629, 1),
(5, 630, 1),
(5, 631, 1),
(5, 632, 1),
(5, 633, 1),
(5, 634, 1),
(5, 635, 1),
(5, 636, 1),
(5, 637, 1),
(5, 638, 1),
(5, 639, 1),
(5, 640, 1),
(5, 641, 1),
(5, 642, 1),
(5, 643, 1),
(5, 644, 1),
(5, 645, 5),
(5, 646, 5),
(5, 348, 1),
(5, 647, 1),
(5, 648, 1),
(5, 649, 1),
(5, 650, 1),
(5, 651, 1),
(5, 652, 1),
(5, 653, 1),
(5, 654, 1),
(5, 655, 1),
(5, 173, 11),
(5, 656, 1),
(5, 657, 1),
(5, 658, 1),
(5, 659, 1),
(5, 660, 1),
(5, 661, 1),
(5, 662, 2),
(5, 663, 1),
(5, 664, 1),
(5, 665, 1),
(5, 666, 1),
(5, 667, 1),
(5, 668, 1),
(5, 669, 1),
(5, 670, 1),
(5, 671, 1),
(5, 672, 1),
(5, 673, 1),
(5, 674, 1),
(5, 675, 1),
(5, 676, 1),
(5, 677, 1),
(5, 678, 1),
(5, 679, 1),
(5, 680, 1),
(5, 681, 1),
(5, 682, 3),
(5, 223, 3),
(5, 224, 3),
(5, 225, 8),
(5, 683, 4),
(5, 684, 8),
(5, 685, 8),
(5, 686, 4),
(5, 687, 4),
(6, 387, 9),
(6, 688, 1),
(6, 689, 1),
(6, 690, 1),
(6, 691, 1),
(6, 692, 1),
(6, 693, 1),
(6, 694, 1),
(6, 695, 1),
(6, 402, 1),
(6, 696, 1),
(6, 697, 1),
(6, 698, 1),
(6, 699, 1),
(6, 700, 1),
(6, 47, 1),
(6, 701, 1),
(6, 702, 1),
(6, 703, 1),
(6, 704, 1),
(6, 705, 1),
(6, 706, 1),
(6, 415, 1),
(6, 707, 1),
(6, 444, 1),
(6, 708, 1),
(6, 709, 1),
(6, 710, 1),
(6, 711, 1),
(6, 712, 1),
(6, 713, 1),
(6, 714, 1),
(6, 715, 1),
(6, 716, 1),
(6, 717, 1),
(6, 718, 1),
(6, 719, 1),
(6, 409, 1),
(6, 720, 1),
(6, 721, 1),
(6, 242, 1),
(6, 38, 1),
(6, 722, 1),
(6, 723, 1),
(6, 724, 1),
(6, 477, 3),
(6, 68, 7),
(6, 69, 3),
(6, 725, 4),
(6, 488, 9),
(6, 109, 1),
(6, 726, 1),
(6, 727, 1),
(6, 728, 1),
(6, 729, 1),
(6, 327, 1),
(6, 730, 1),
(6, 731, 1),
(6, 732, 1),
(6, 505, 1),
(6, 733, 1),
(6, 734, 1),
(6, 735, 1),
(6, 736, 1),
(6, 737, 1),
(6, 738, 1),
(6, 739, 1),
(6, 740, 1),
(6, 510, 1),
(6, 741, 1),
(6, 124, 1),
(6, 553, 1),
(6, 132, 1),
(6, 523, 1),
(6, 546, 1),
(6, 90, 1),
(6, 742, 1),
(6, 500, 1),
(6, 743, 1),
(6, 744, 1),
(6, 95, 2),
(6, 580, 1),
(6, 745, 1),
(6, 746, 1),
(6, 747, 1),
(6, 748, 1),
(6, 749, 1),
(6, 750, 1),
(6, 751, 1),
(6, 88, 1),
(6, 752, 1),
(6, 753, 1),
(6, 754, 1),
(6, 755, 1),
(6, 756, 1),
(6, 757, 1),
(6, 758, 1),
(6, 583, 3),
(6, 146, 3),
(6, 147, 3),
(6, 590, 9),
(6, 759, 1),
(6, 637, 1),
(6, 760, 1),
(6, 221, 1),
(6, 761, 1),
(6, 356, 1),
(6, 762, 1),
(6, 763, 1),
(6, 764, 1),
(6, 606, 2),
(6, 765, 1),
(6, 766, 1),
(6, 767, 1),
(6, 768, 1),
(6, 769, 1),
(6, 770, 1),
(6, 771, 1),
(6, 772, 1),
(6, 653, 1),
(6, 208, 1),
(6, 209, 1),
(6, 645, 1),
(6, 646, 1),
(6, 773, 1),
(6, 774, 1),
(6, 348, 1),
(6, 173, 2),
(6, 679, 1),
(6, 775, 1),
(6, 776, 1),
(6, 777, 1),
(6, 778, 1),
(6, 779, 1),
(6, 780, 1),
(6, 781, 1),
(6, 782, 1),
(6, 783, 1),
(6, 784, 1),
(6, 785, 1),
(6, 786, 1),
(6, 165, 1),
(6, 787, 1),
(6, 682, 3),
(6, 223, 3),
(6, 224, 3),
(7, 1, 11),
(7, 788, 12),
(7, 789, 2),
(7, 427, 2),
(7, 790, 1),
(7, 791, 2),
(7, 422, 1),
(7, 792, 1),
(7, 793, 2),
(7, 461, 2),
(7, 794, 1),
(7, 411, 1),
(7, 795, 1),
(7, 796, 1),
(7, 797, 1),
(7, 798, 1),
(7, 799, 1),
(7, 800, 1),
(7, 259, 1),
(7, 57, 1),
(7, 801, 1),
(7, 802, 1),
(7, 803, 1),
(7, 804, 1),
(7, 723, 1),
(7, 60, 1),
(7, 805, 1),
(7, 806, 1),
(7, 807, 1),
(7, 51, 4),
(7, 808, 1),
(7, 809, 1),
(7, 810, 1),
(7, 811, 1),
(7, 812, 1),
(7, 813, 1),
(7, 814, 1),
(7, 815, 1),
(7, 816, 1),
(7, 817, 1),
(7, 818, 1),
(7, 456, 1),
(7, 819, 1),
(7, 820, 1),
(7, 821, 1),
(7, 822, 1),
(7, 823, 1),
(7, 38, 4),
(7, 824, 1),
(7, 825, 1),
(7, 242, 1),
(7, 826, 1),
(7, 827, 1),
(7, 37, 1),
(7, 828, 1),
(7, 829, 1),
(7, 830, 1),
(7, 831, 1),
(7, 832, 1),
(7, 833, 1),
(7, 834, 1),
(7, 835, 1),
(7, 836, 1),
(7, 837, 1),
(7, 838, 1),
(7, 839, 1),
(7, 840, 1),
(7, 841, 1),
(7, 65, 1),
(7, 842, 1),
(7, 843, 1),
(7, 844, 1),
(7, 241, 1),
(7, 845, 1),
(7, 434, 1),
(7, 846, 2),
(7, 847, 1),
(7, 722, 1),
(7, 848, 1),
(7, 849, 1),
(7, 850, 1),
(7, 851, 1),
(7, 852, 1),
(7, 700, 1),
(7, 853, 1),
(7, 854, 1),
(7, 855, 1),
(7, 856, 1),
(7, 857, 1),
(7, 67, 3),
(7, 858, 2),
(7, 71, 2),
(7, 859, 2),
(7, 81, 2),
(7, 860, 2),
(7, 861, 2),
(7, 862, 2),
(7, 82, 11),
(7, 863, 11),
(7, 864, 1),
(7, 531, 2),
(7, 865, 2),
(7, 525, 1),
(7, 866, 1),
(7, 867, 1),
(7, 868, 1),
(7, 869, 1),
(7, 870, 1),
(7, 308, 1),
(7, 565, 1),
(7, 871, 1),
(7, 872, 1),
(7, 873, 1),
(7, 874, 2),
(7, 875, 1),
(7, 876, 1),
(7, 877, 2),
(7, 878, 6),
(7, 879, 3),
(7, 880, 1),
(7, 86, 1),
(7, 757, 1),
(7, 881, 1),
(7, 882, 1),
(7, 883, 2),
(7, 884, 1),
(7, 885, 2),
(7, 886, 1),
(7, 887, 1),
(7, 131, 2),
(7, 888, 1),
(7, 889, 1),
(7, 890, 1),
(7, 891, 1),
(7, 892, 1),
(7, 893, 1),
(7, 894, 1),
(7, 895, 1),
(7, 896, 1),
(7, 897, 1),
(7, 898, 1),
(7, 899, 1),
(7, 900, 1),
(7, 901, 1),
(7, 902, 1),
(7, 903, 1),
(7, 904, 1),
(7, 905, 1),
(7, 906, 1),
(7, 907, 1),
(7, 118, 2),
(7, 136, 1),
(7, 576, 1),
(7, 908, 1),
(7, 909, 1),
(7, 910, 1),
(7, 911, 1),
(7, 912, 1),
(7, 524, 1),
(7, 913, 1),
(7, 109, 2),
(7, 570, 1),
(7, 914, 1),
(7, 915, 1),
(7, 916, 2),
(7, 917, 1),
(7, 918, 1),
(7, 919, 1),
(7, 920, 1),
(7, 921, 1),
(7, 922, 1),
(7, 923, 1),
(7, 924, 1),
(7, 925, 1),
(7, 124, 2),
(7, 926, 1),
(7, 927, 1),
(7, 928, 1),
(7, 318, 1),
(7, 929, 1),
(7, 930, 1),
(7, 931, 1),
(7, 932, 1),
(7, 933, 1),
(7, 334, 1),
(7, 934, 1),
(7, 935, 1),
(7, 936, 1),
(7, 500, 1),
(7, 937, 1),
(7, 938, 1),
(7, 939, 1),
(7, 940, 1),
(7, 941, 1),
(7, 942, 1),
(7, 943, 1),
(7, 734, 1),
(7, 944, 1),
(7, 945, 1),
(7, 946, 1),
(7, 947, 1),
(7, 948, 1),
(7, 949, 1),
(7, 567, 1),
(7, 145, 3),
(7, 950, 4),
(7, 951, 2),
(7, 149, 2),
(7, 952, 2),
(7, 159, 2),
(7, 953, 2),
(7, 954, 2),
(7, 955, 2),
(7, 160, 7),
(7, 956, 7),
(7, 957, 1),
(7, 628, 2),
(7, 958, 2),
(7, 621, 3),
(7, 622, 1),
(7, 959, 1),
(7, 960, 2),
(7, 665, 2),
(7, 961, 1),
(7, 962, 1),
(7, 963, 2),
(7, 964, 1),
(7, 362, 1),
(7, 965, 1),
(7, 966, 1),
(7, 967, 1),
(7, 968, 2),
(7, 969, 1),
(7, 970, 1),
(7, 971, 2),
(7, 972, 1),
(7, 164, 1),
(7, 165, 1),
(7, 973, 1),
(7, 974, 2),
(7, 975, 1),
(7, 976, 2),
(7, 977, 1),
(7, 978, 1),
(7, 979, 1),
(7, 980, 1),
(7, 981, 1),
(7, 982, 1),
(7, 983, 1),
(7, 984, 1),
(7, 985, 1),
(7, 986, 1),
(7, 987, 1),
(7, 988, 1),
(7, 989, 1),
(7, 990, 1),
(7, 991, 2),
(7, 992, 1),
(7, 993, 1),
(7, 994, 1),
(7, 995, 1),
(7, 615, 2),
(7, 213, 1),
(7, 996, 1),
(7, 204, 1),
(7, 997, 1),
(7, 998, 1),
(7, 764, 1),
(7, 999, 1),
(7, 1000, 1),
(7, 1001, 1),
(7, 1002, 2),
(7, 1003, 2),
(7, 1004, 4),
(7, 1005, 2),
(7, 1006, 1),
(7, 1007, 1),
(7, 1008, 1),
(7, 1009, 1),
(7, 371, 1),
(7, 1010, 1),
(7, 1011, 1),
(7, 1012, 1),
(7, 1013, 1),
(7, 1014, 1),
(7, 1015, 1),
(7, 1016, 1),
(7, 1017, 1),
(7, 1018, 1),
(7, 384, 1),
(7, 1019, 1),
(7, 1020, 1),
(7, 1021, 1),
(7, 1022, 1),
(7, 1023, 1),
(7, 1024, 1),
(7, 606, 1),
(7, 765, 1),
(7, 1025, 1),
(7, 1026, 1),
(7, 1027, 1),
(7, 1028, 1),
(7, 1029, 1),
(7, 1030, 1),
(7, 1031, 1),
(7, 1032, 1),
(7, 1033, 1),
(7, 222, 3),
(7, 1034, 2),
(7, 226, 2),
(7, 1035, 2),
(7, 235, 2),
(7, 1036, 2),
(7, 1037, 2),
(7, 1038, 2),
(8, 1039, 6),
(8, 1040, 6),
(8, 1041, 6),
(8, 1042, 6),
(8, 1043, 6),
(8, 1, 6),
(8, 2, 6),
(8, 1044, 6),
(8, 1045, 6),
(8, 1046, 2),
(8, 1047, 2),
(8, 1048, 3),
(8, 1049, 6),
(8, 1050, 6),
(8, 1051, 8),
(8, 1052, 6),
(8, 1053, 6),
(8, 152, 6),
(8, 1054, 6),
(8, 1055, 1),
(8, 1056, 1),
(8, 1057, 1),
(8, 1058, 1),
(8, 1059, 1),
(8, 1060, 1),
(8, 1061, 1),
(8, 1062, 1),
(8, 1063, 1),
(8, 1064, 1),
(8, 1065, 1),
(8, 1066, 1),
(8, 1067, 1),
(8, 109, 1),
(8, 570, 1),
(8, 1068, 1),
(8, 118, 3),
(8, 82, 1),
(8, 1069, 1),
(8, 124, 1),
(8, 926, 1),
(8, 882, 1),
(8, 1070, 1),
(8, 1071, 1),
(8, 730, 1),
(8, 1072, 2),
(8, 1073, 1),
(8, 1074, 1),
(8, 1075, 1),
(8, 1076, 1),
(8, 944, 1),
(8, 1077, 1),
(8, 1078, 1),
(8, 1079, 3),
(8, 1080, 6),
(8, 1081, 6),
(8, 1082, 6),
(8, 1083, 6),
(8, 229, 6),
(8, 1084, 6),
(8, 1085, 1),
(8, 1023, 1),
(8, 1086, 2),
(8, 1087, 1),
(8, 1088, 1),
(8, 1089, 1),
(8, 1090, 1),
(8, 1091, 1),
(8, 1092, 1),
(8, 1093, 1),
(8, 1094, 1),
(8, 1095, 1),
(8, 1096, 1),
(8, 1097, 1),
(8, 163, 1),
(8, 1098, 1),
(8, 1099, 1),
(8, 669, 1),
(8, 1100, 1),
(8, 160, 1),
(8, 1101, 1),
(8, 1013, 1),
(8, 1102, 1),
(8, 1103, 1),
(8, 1104, 1),
(8, 762, 1),
(8, 1105, 2),
(8, 1106, 1),
(8, 1107, 1),
(8, 1108, 1),
(8, 1109, 1),
(8, 1025, 1),
(8, 1110, 1),
(8, 1111, 1),
(8, 1112, 1),
(8, 1113, 3),
(9, 1114, 11),
(9, 1115, 9),
(9, 1116, 7),
(9, 850, 8),
(9, 1, 8),
(9, 1117, 8),
(9, 1118, 1),
(9, 442, 4),
(9, 41, 1),
(9, 1119, 1),
(9, 826, 1),
(9, 1120, 1),
(9, 1121, 1),
(9, 1122, 1),
(9, 1123, 1),
(9, 1124, 2),
(9, 1125, 1),
(9, 1126, 1),
(9, 1127, 2),
(9, 1128, 3),
(9, 20, 1),
(9, 1129, 1),
(9, 1130, 1),
(9, 1131, 1),
(9, 1132, 1),
(9, 1133, 3),
(9, 1134, 1),
(9, 1135, 1),
(9, 1136, 1),
(9, 1137, 1),
(9, 3, 3),
(9, 1138, 1),
(9, 1139, 1),
(9, 1140, 1),
(9, 1141, 1),
(9, 38, 2),
(9, 840, 1),
(9, 1142, 1),
(9, 238, 2),
(9, 1143, 1),
(9, 1144, 1),
(9, 1145, 2),
(9, 430, 1),
(9, 845, 1),
(9, 81, 1),
(9, 1146, 1),
(9, 1147, 1),
(9, 1148, 1),
(9, 1149, 1),
(9, 805, 1),
(9, 1150, 1),
(9, 1151, 1),
(9, 1152, 1),
(9, 1153, 1),
(9, 1154, 1),
(9, 1155, 1),
(9, 1156, 1),
(9, 1157, 1),
(9, 4, 1),
(9, 1158, 2),
(9, 51, 5),
(9, 1159, 1),
(9, 1160, 1),
(9, 1161, 1),
(9, 1162, 1),
(9, 1163, 1),
(9, 1164, 1),
(9, 851, 4),
(9, 1165, 1),
(9, 1166, 1),
(9, 1167, 1),
(9, 1168, 1),
(9, 1169, 1),
(9, 1170, 1),
(9, 1171, 1),
(9, 1172, 1),
(9, 448, 1),
(9, 1173, 1),
(9, 1174, 1),
(9, 1175, 1),
(9, 1176, 1),
(9, 1177, 1),
(9, 1178, 1),
(9, 1179, 1),
(9, 1180, 1),
(9, 1181, 1),
(9, 1182, 1),
(9, 1183, 1),
(9, 1184, 1),
(9, 1185, 1),
(9, 1186, 1),
(9, 1187, 1),
(9, 1188, 1),
(9, 1189, 1),
(9, 1190, 1),
(9, 1191, 2),
(9, 1192, 2),
(9, 1193, 1),
(9, 1194, 3),
(9, 1195, 3),
(9, 1196, 2),
(9, 1197, 2),
(9, 1198, 2),
(9, 1199, 1),
(9, 1200, 1),
(9, 1201, 1),
(9, 1202, 1),
(9, 1203, 1),
(9, 1204, 1),
(9, 1205, 2),
(9, 1206, 1),
(9, 1207, 2),
(9, 1208, 1),
(9, 1209, 1),
(9, 1210, 2),
(9, 1211, 1),
(9, 1212, 1),
(9, 1213, 1),
(9, 1214, 1),
(9, 1215, 1),
(9, 1216, 1),
(9, 22, 1),
(9, 1217, 1),
(9, 1218, 1),
(9, 1219, 4),
(9, 1220, 2),
(9, 1221, 1),
(9, 1222, 1),
(9, 1223, 1),
(9, 47, 2),
(9, 1224, 1),
(9, 68, 2),
(9, 1225, 1),
(9, 1226, 1),
(9, 1227, 1),
(9, 1228, 1),
(9, 1229, 1),
(9, 1230, 1),
(9, 1231, 1),
(9, 1232, 1),
(9, 1233, 1),
(9, 1234, 1),
(9, 1235, 2),
(9, 1236, 1),
(9, 1237, 1),
(9, 1238, 1),
(9, 1239, 1),
(9, 1240, 1),
(9, 1241, 1),
(9, 1242, 1),
(9, 1243, 1),
(9, 1244, 1),
(9, 1245, 1),
(9, 1246, 1),
(9, 1247, 1),
(9, 1048, 3),
(9, 1248, 3),
(9, 942, 17),
(9, 1249, 13),
(9, 1250, 13),
(9, 1251, 11),
(9, 1252, 11),
(9, 1253, 1),
(9, 1254, 2),
(9, 1255, 1),
(9, 1256, 1),
(9, 1257, 5),
(9, 90, 2),
(9, 1258, 1),
(9, 1259, 1),
(9, 1260, 1),
(9, 159, 1),
(9, 583, 1),
(9, 1261, 1),
(9, 1262, 1),
(9, 910, 1),
(9, 1263, 1),
(9, 1264, 1),
(9, 1265, 1),
(9, 1266, 1),
(9, 1267, 1),
(9, 1268, 1),
(9, 1269, 1),
(9, 1270, 2),
(9, 1271, 1),
(9, 1272, 1),
(9, 1273, 1),
(9, 1274, 1),
(9, 1275, 1),
(9, 1276, 3),
(9, 1277, 2),
(9, 1278, 1),
(9, 103, 1),
(9, 1279, 2),
(9, 1280, 1),
(9, 1065, 1),
(9, 1281, 4),
(9, 1282, 1),
(9, 1283, 1),
(9, 1284, 1),
(9, 1285, 1),
(9, 85, 1),
(9, 1286, 1),
(9, 1287, 1),
(9, 943, 7),
(9, 1288, 3),
(9, 1289, 1),
(9, 1290, 1),
(9, 562, 1),
(9, 1291, 1),
(9, 109, 7),
(9, 1292, 1),
(9, 1293, 1),
(9, 118, 2),
(9, 136, 2),
(9, 1294, 1),
(9, 95, 7),
(9, 1295, 1),
(9, 1296, 1),
(9, 918, 1),
(9, 1297, 1),
(9, 931, 1),
(9, 1298, 1),
(9, 1299, 1),
(9, 1300, 1),
(9, 1301, 1),
(9, 1302, 1),
(9, 131, 3),
(9, 1303, 2),
(9, 1304, 2),
(9, 1305, 2),
(9, 1306, 1),
(9, 1307, 2),
(9, 1308, 1),
(9, 1309, 1),
(9, 1310, 1),
(9, 1311, 1),
(9, 319, 1),
(9, 1312, 2),
(9, 1313, 1),
(9, 1314, 1),
(9, 1315, 1),
(9, 500, 1),
(9, 499, 1),
(9, 1316, 4),
(9, 1317, 1),
(9, 1318, 1),
(9, 1319, 1),
(9, 1320, 1),
(9, 1321, 1),
(9, 523, 1),
(9, 1322, 1),
(9, 1323, 1),
(9, 1324, 3),
(9, 1325, 3),
(9, 1326, 2),
(9, 1327, 1),
(9, 1328, 1),
(9, 1329, 1),
(9, 1330, 1),
(9, 1331, 1),
(9, 1332, 1),
(9, 1333, 1),
(9, 1334, 1),
(9, 1335, 1),
(9, 1336, 1),
(9, 1337, 1),
(9, 299, 1),
(9, 553, 2),
(9, 1338, 1),
(9, 1339, 1),
(9, 1340, 1),
(9, 1341, 1),
(9, 1342, 1),
(9, 1343, 1),
(9, 1344, 1),
(9, 330, 1),
(9, 544, 1),
(9, 1345, 1),
(9, 1346, 1),
(9, 1347, 1),
(9, 1348, 1),
(9, 1349, 1),
(9, 1350, 1),
(9, 1351, 1),
(9, 1352, 1),
(9, 1353, 1),
(9, 1354, 1),
(9, 1355, 1),
(9, 1356, 1),
(9, 1357, 1),
(9, 1358, 1),
(9, 1359, 1),
(9, 1360, 1),
(9, 1361, 1),
(9, 1362, 1),
(9, 1363, 1),
(9, 1364, 1),
(9, 1365, 2),
(9, 1366, 1),
(9, 1367, 2),
(9, 1368, 1),
(9, 1369, 1),
(9, 505, 2),
(9, 1370, 1),
(9, 1371, 1),
(9, 1372, 2),
(9, 570, 1),
(9, 1373, 1),
(9, 1374, 1),
(9, 1375, 1),
(9, 1376, 1),
(9, 1055, 3),
(9, 1377, 2),
(9, 1378, 1),
(9, 1379, 1),
(9, 730, 1),
(9, 1380, 1),
(9, 1381, 1),
(9, 1382, 1),
(9, 1383, 1),
(9, 1384, 2),
(9, 1385, 1),
(9, 1386, 2),
(9, 1387, 1),
(9, 1388, 1),
(9, 889, 1),
(9, 1389, 1),
(9, 1390, 1),
(9, 1391, 1),
(9, 1392, 1),
(9, 1393, 1),
(9, 938, 1),
(9, 1394, 1),
(9, 1395, 1),
(9, 1396, 1),
(9, 1397, 1),
(9, 1398, 1),
(9, 1399, 1),
(9, 940, 1),
(9, 941, 1),
(9, 1400, 1),
(9, 1401, 1),
(9, 1402, 1),
(9, 1079, 3),
(9, 1403, 3),
(9, 1404, 4),
(9, 1405, 4),
(9, 1024, 12),
(9, 1406, 6),
(9, 1407, 6),
(9, 1408, 12),
(9, 1409, 11),
(9, 1410, 9),
(9, 1411, 1),
(9, 1412, 2),
(9, 1413, 1),
(9, 1414, 1),
(9, 1415, 1),
(9, 1416, 1),
(9, 1417, 1),
(9, 1418, 5),
(9, 1419, 1),
(9, 1420, 1),
(9, 1421, 1),
(9, 1422, 1),
(9, 1423, 1),
(9, 1424, 3),
(9, 1425, 1),
(9, 764, 2),
(9, 1426, 1),
(9, 1427, 1),
(9, 1428, 1),
(9, 1429, 1),
(9, 1430, 2),
(9, 1431, 1),
(9, 1432, 2),
(9, 1433, 1),
(9, 1434, 1),
(9, 1435, 2),
(9, 1436, 1),
(9, 1437, 3),
(9, 1438, 2),
(9, 1439, 1),
(9, 181, 1),
(9, 1440, 3),
(9, 356, 2),
(9, 658, 2),
(9, 173, 11),
(9, 1441, 6),
(9, 1442, 5),
(9, 1443, 1),
(9, 1444, 1),
(9, 1445, 2),
(9, 1446, 1),
(9, 163, 1),
(9, 1447, 1),
(9, 1448, 1),
(9, 606, 7),
(9, 1449, 3),
(9, 1450, 1),
(9, 1451, 1),
(9, 662, 1),
(9, 1452, 1),
(9, 1453, 1),
(9, 213, 2),
(9, 1454, 1),
(9, 1455, 1),
(9, 1456, 1),
(9, 1457, 1),
(9, 610, 1),
(9, 1458, 1),
(9, 1459, 1),
(9, 1460, 1),
(9, 1461, 1),
(9, 1462, 1),
(9, 1463, 1),
(9, 1464, 2),
(9, 1465, 2),
(9, 1466, 2),
(9, 1467, 1),
(9, 1468, 2),
(9, 631, 1),
(9, 1469, 2),
(9, 1470, 1),
(9, 1471, 2),
(9, 1472, 1),
(9, 1473, 1),
(9, 1474, 2),
(9, 1475, 1),
(9, 1476, 1),
(9, 660, 1),
(9, 601, 1),
(9, 1477, 4),
(9, 635, 1),
(9, 1478, 1),
(9, 653, 3),
(9, 654, 1),
(9, 1479, 1),
(9, 1480, 1),
(9, 1481, 3),
(9, 1482, 3),
(9, 1483, 2),
(9, 1484, 1),
(9, 1485, 1),
(9, 1486, 1),
(9, 1487, 1),
(9, 1488, 2),
(9, 1489, 1),
(9, 1490, 1),
(9, 1491, 1),
(9, 1492, 1),
(9, 354, 2),
(9, 1493, 1),
(9, 593, 1),
(9, 1494, 1),
(9, 1495, 1),
(9, 1496, 1),
(9, 1497, 1),
(9, 381, 1),
(9, 1498, 1),
(9, 1499, 1),
(9, 1500, 1),
(9, 1501, 1),
(9, 1502, 1),
(9, 1503, 1),
(9, 1504, 1),
(9, 1505, 1),
(9, 1506, 1),
(9, 1507, 1),
(9, 1508, 1),
(9, 1509, 1),
(9, 1510, 1),
(9, 1511, 1),
(9, 1512, 1),
(9, 1513, 1),
(9, 1514, 1),
(9, 1515, 1),
(9, 1516, 1),
(9, 1517, 2),
(9, 1518, 1),
(9, 1519, 1),
(9, 1520, 1),
(9, 1521, 1),
(9, 1522, 1),
(9, 1523, 1),
(9, 669, 1),
(9, 1524, 1),
(9, 1525, 1),
(9, 1526, 1),
(9, 191, 1),
(9, 1023, 3),
(9, 1527, 2),
(9, 1528, 1),
(9, 1099, 1),
(9, 762, 1),
(9, 1529, 1),
(9, 1530, 1),
(9, 1531, 1),
(9, 786, 1),
(9, 1532, 2),
(9, 1533, 1),
(9, 1534, 2),
(9, 1535, 1),
(9, 1536, 1),
(9, 973, 1),
(9, 1537, 1),
(9, 1103, 1),
(9, 1538, 1),
(9, 1539, 1),
(9, 1540, 1),
(9, 1021, 1),
(9, 1541, 1),
(9, 1542, 1),
(9, 1543, 1),
(9, 1544, 1),
(9, 1545, 1),
(9, 1546, 1),
(9, 1022, 1),
(9, 1547, 1),
(9, 1548, 1),
(9, 1549, 1),
(9, 1550, 1),
(9, 1551, 1),
(9, 1113, 3),
(9, 1552, 3);

INSERT INTO `PREFIX_search_word` (`id_word`, `id_lang`, `word`) VALUES
(1, 1, 'ipod'),
(2, 1, 'nano'),
(3, 1, 'design'),
(4, 1, 'features'),
(5, 1, '16gb'),
(6, 1, 'rocks'),
(7, 1, 'like'),
(8, 1, 'never'),
(9, 1, 'before'),
(10, 1, 'curved'),
(11, 1, 'ahead'),
(12, 1, 'curve'),
(13, 1, 'those'),
(14, 1, 'about'),
(15, 1, 'rock,'),
(16, 1, 'give'),
(17, 1, 'nine'),
(18, 1, 'amazing'),
(19, 1, 'colors'),
(20, 1, 'that''s'),
(21, 1, 'only'),
(22, 1, 'part'),
(23, 1, 'story'),
(24, 1, 'feel'),
(25, 1, 'curved,'),
(26, 1, 'allaluminum'),
(27, 1, 'glass'),
(28, 1, 'won''t'),
(29, 1, 'want'),
(30, 1, 'down'),
(31, 1, 'great'),
(32, 1, 'looks'),
(33, 1, 'brains,'),
(34, 1, 'genius'),
(35, 1, 'feature'),
(36, 1, 'turns'),
(37, 1, 'into'),
(38, 1, 'your'),
(39, 1, 'highly'),
(40, 1, 'intelligent,'),
(41, 1, 'personal'),
(42, 1, 'creates'),
(43, 1, 'playlists'),
(44, 1, 'finding'),
(45, 1, 'songs'),
(46, 1, 'library'),
(47, 1, 'that'),
(48, 1, 'together'),
(49, 1, 'made'),
(50, 1, 'move'),
(51, 1, 'with'),
(52, 1, 'moves'),
(53, 1, 'accelerometer'),
(54, 1, 'comes'),
(55, 1, 'shake'),
(56, 1, 'shuffle'),
(57, 1, 'music'),
(58, 1, 'turn'),
(59, 1, 'sideways'),
(60, 1, 'view'),
(61, 1, 'cover'),
(62, 1, 'flow'),
(63, 1, 'play'),
(64, 1, 'games'),
(65, 1, 'designed'),
(66, 1, 'mind'),
(67, 1, 'ipods'),
(68, 1, 'apple'),
(69, 1, 'computer,'),
(70, 1, 'metal'),
(71, 1, '16go'),
(72, 1, 'yellow'),
(73, 1, 'blue'),
(74, 1, 'black'),
(75, 1, 'orange'),
(76, 1, 'pink'),
(77, 1, 'green'),
(78, 1, 'purple'),
(79, 1, 'g'),
(80, 1, 'minijack'),
(81, 1, 'stereo'),
(236, 1, 'shuffle,'),
(237, 1, 'world'),
(238, 1, 'most'),
(239, 1, 'wearable'),
(240, 1, 'player,'),
(241, 1, 'clips'),
(242, 1, 'more'),
(243, 1, 'vibrant'),
(244, 1, 'blue,'),
(245, 1, 'green,'),
(246, 1, 'pink,'),
(247, 1, 'instant'),
(248, 1, 'attachment'),
(249, 1, 'wear'),
(250, 1, 'sleeve'),
(251, 1, 'belt'),
(252, 1, 'shorts'),
(253, 1, 'badge'),
(254, 1, 'musical'),
(255, 1, 'devotion'),
(256, 1, 'new,'),
(257, 1, 'brilliant'),
(258, 1, 'feed'),
(259, 1, 'itunes'),
(260, 1, 'entertainment'),
(261, 1, 'superstore'),
(262, 1, 'ultraorganized'),
(263, 1, 'collection'),
(264, 1, 'jukebox'),
(265, 1, 'load'),
(266, 1, 'click'),
(267, 1, 'beauty'),
(268, 1, 'beat'),
(269, 1, 'intensely'),
(270, 1, 'colorful'),
(271, 1, 'anodized'),
(272, 1, 'aluminum'),
(273, 1, 'complements'),
(274, 1, 'simple'),
(275, 1, 'red,'),
(276, 1, 'original'),
(277, 1, 'silver'),
(278, 1, '(clip'),
(279, 1, 'compris)'),
(387, 1, 'macbook'),
(388, 1, 'ultrathin,'),
(389, 1, 'ultraportable,'),
(390, 1, 'ultra'),
(391, 1, 'unlike'),
(392, 1, 'anything'),
(393, 1, 'else'),
(394, 1, 'lose'),
(395, 1, 'inches'),
(396, 1, 'pounds'),
(397, 1, 'overnight'),
(398, 1, 'result'),
(399, 1, 'rethinking'),
(400, 1, 'conventions'),
(401, 1, 'multiple'),
(402, 1, 'wireless'),
(403, 1, 'innovations'),
(404, 1, 'breakthrough'),
(405, 1, 'air,'),
(406, 1, 'mobile'),
(407, 1, 'computing'),
(408, 1, 'suddenly'),
(409, 1, 'standard'),
(410, 1, 'nearly'),
(411, 1, 'thin'),
(412, 1, 'index'),
(413, 1, 'finger'),
(414, 1, 'practically'),
(415, 1, 'every'),
(416, 1, 'detail'),
(417, 1, 'could'),
(418, 1, 'streamlined'),
(419, 1, 'been'),
(420, 1, 'still'),
(421, 1, '133inch'),
(422, 1, 'widescreen'),
(423, 1, 'display,'),
(424, 1, 'fullsize'),
(425, 1, 'keyboard,'),
(426, 1, 'large'),
(427, 1, 'multitouch'),
(428, 1, 'trackpad'),
(429, 1, 'incomparably'),
(430, 1, 'portable'),
(431, 1, 'without'),
(432, 1, 'usual'),
(433, 1, 'ultraportable'),
(434, 1, 'screen'),
(435, 1, 'keyboard'),
(436, 1, 'compromisesthe'),
(437, 1, 'incredible'),
(438, 1, 'thinness'),
(439, 1, 'numerous'),
(440, 1, 'size'),
(441, 1, 'weightshaving'),
(442, 1, 'from'),
(443, 1, 'slimmer'),
(444, 1, 'hard'),
(445, 1, 'drive'),
(446, 1, 'strategically'),
(447, 1, 'hidden'),
(448, 1, 'ports'),
(449, 1, 'lowerprofile'),
(450, 1, 'battery,'),
(451, 1, 'everything'),
(452, 1, 'considered'),
(453, 1, 'reconsidered'),
(454, 1, 'mindmacbook'),
(455, 1, 'engineered'),
(456, 1, 'take'),
(457, 1, 'full'),
(458, 1, 'advantage'),
(459, 1, 'which'),
(460, 1, '80211n'),
(461, 1, 'wifi'),
(462, 1, 'fast'),
(463, 1, 'available,'),
(464, 1, 'people'),
(465, 1, 'truly'),
(466, 1, 'living'),
(467, 1, 'untethered'),
(468, 1, 'buying'),
(469, 1, 'renting'),
(470, 1, 'movies'),
(471, 1, 'online,'),
(472, 1, 'downloading'),
(473, 1, 'software,'),
(474, 1, 'sharing'),
(475, 1, 'storing'),
(476, 1, 'files'),
(477, 1, 'laptops'),
(478, 1, '80gb'),
(479, 1, 'parallel'),
(480, 1, '4200'),
(481, 1, '160ghz'),
(482, 1, 'intel'),
(483, 1, 'core'),
(484, 1, 'optional'),
(485, 1, '64gb'),
(486, 1, 'solidstate'),
(487, 1, '180ghz'),
(688, 1, 'makes'),
(689, 1, 'easy'),
(690, 1, 'road'),
(691, 1, 'thanks'),
(692, 1, 'tough'),
(693, 1, 'polycarbonate'),
(694, 1, 'case,'),
(695, 1, 'builtin'),
(696, 1, 'technologies,'),
(697, 1, 'innovative'),
(698, 1, 'magsafe'),
(699, 1, 'power'),
(700, 1, 'adapter'),
(701, 1, 'releases'),
(702, 1, 'automatically'),
(703, 1, 'someone'),
(704, 1, 'accidentally'),
(705, 1, 'trips'),
(706, 1, 'cord'),
(707, 1, 'larger'),
(708, 1, 'drive,'),
(709, 1, '250gb,'),
(710, 1, 'store'),
(711, 1, 'growing'),
(712, 1, 'media'),
(713, 1, 'collections'),
(714, 1, 'valuable'),
(715, 1, 'datathe'),
(716, 1, '24ghz'),
(717, 1, 'models'),
(718, 1, 'include'),
(719, 1, 'memory'),
(720, 1, 'perfect'),
(721, 1, 'running'),
(722, 1, 'favorite'),
(723, 1, 'applications'),
(724, 1, 'smoothly'),
(725, 1, 'superdrive'),
(788, 1, 'touch'),
(789, 1, 'revolutionary'),
(790, 1, 'interface'),
(791, 1, '35inch'),
(792, 1, 'color'),
(793, 1, 'display'),
(794, 1, '(80211b'),
(795, 1, 'safari,'),
(796, 1, 'youtube,'),
(797, 1, 'mail,'),
(798, 1, 'stocks,'),
(799, 1, 'weather,'),
(800, 1, 'notes,'),
(801, 1, 'store,'),
(802, 1, 'maps'),
(803, 1, 'five'),
(804, 1, 'handson'),
(805, 1, 'rich'),
(806, 1, 'html'),
(807, 1, 'email'),
(808, 1, 'photos'),
(809, 1, 'well'),
(810, 1, 'pdf,'),
(811, 1, 'word,'),
(812, 1, 'excel'),
(813, 1, 'attachments'),
(814, 1, 'maps,'),
(815, 1, 'directions,'),
(816, 1, 'realtime'),
(817, 1, 'traffic'),
(818, 1, 'information'),
(819, 1, 'notes'),
(820, 1, 'read'),
(821, 1, 'stock'),
(822, 1, 'weather'),
(823, 1, 'reports'),
(824, 1, 'music,'),
(825, 1, 'movies,'),
(826, 1, 'technology'),
(827, 1, 'built'),
(828, 1, 'gorgeous'),
(829, 1, 'lets'),
(830, 1, 'pinch,'),
(831, 1, 'zoom,'),
(832, 1, 'scroll,'),
(833, 1, 'flick'),
(834, 1, 'fingers'),
(835, 1, 'internet'),
(836, 1, 'pocket'),
(837, 1, 'safari'),
(838, 1, 'browser,'),
(839, 1, 'websites'),
(840, 1, 'they'),
(841, 1, 'were'),
(842, 1, 'seen'),
(843, 1, 'zoom'),
(844, 1, 'tap2'),
(845, 1, 'home'),
(846, 1, 'quick'),
(847, 1, 'access'),
(848, 1, 'sites'),
(849, 1, 'what''s'),
(850, 1, 'earphones'),
(851, 1, 'cable'),
(852, 1, 'dock'),
(853, 1, 'polishing'),
(854, 1, 'cloth'),
(855, 1, 'stand'),
(856, 1, 'start'),
(857, 1, 'guide'),
(858, 1, '32go'),
(859, 1, 'jack'),
(860, 1, '120g'),
(861, 1, '70mm'),
(862, 1, '110mm'),
(1039, 1, 'housse'),
(1040, 1, 'portefeuille'),
(1041, 1, 'cuir'),
(1042, 1, 'belkin'),
(1043, 1, 'pour'),
(1044, 1, 'noir'),
(1045, 1, 'chocolat'),
(1046, 1, 'lorem'),
(1047, 1, 'ipsum'),
(1048, 1, 'accessories'),
(1114, 1, 'shure'),
(1115, 1, 'se210'),
(1116, 1, 'soundisolating'),
(1117, 1, 'iphone'),
(1118, 1, 'evolved'),
(1119, 1, 'monitor'),
(1120, 1, 'roadtested'),
(1121, 1, 'musicians'),
(1122, 1, 'perfected'),
(1123, 1, 'engineers,'),
(1124, 1, 'lightweight'),
(1125, 1, 'stylish'),
(1126, 1, 'delivers'),
(1127, 1, 'fullrange'),
(1128, 1, 'audio'),
(1129, 1, 'free'),
(1130, 1, 'outside'),
(1131, 1, 'noise'),
(1132, 1, 'using'),
(1133, 1, 'hidefinition'),
(1134, 1, 'microspeakers'),
(1135, 1, 'deliver'),
(1136, 1, 'audio,'),
(1137, 1, 'ergonomic'),
(1138, 1, 'ideal'),
(1139, 1, 'premium'),
(1140, 1, 'onthego'),
(1141, 1, 'listening'),
(1142, 1, 'offer'),
(1143, 1, 'accurate'),
(1144, 1, 'reproduction'),
(1145, 1, 'both'),
(1146, 1, 'sourcesfor'),
(1147, 1, 'ultimate'),
(1148, 1, 'precision'),
(1149, 1, 'highs'),
(1150, 1, 'addition,'),
(1151, 1, 'flexible'),
(1152, 1, 'allows'),
(1153, 1, 'choose'),
(1154, 1, 'comfortable'),
(1155, 1, 'variety'),
(1156, 1, 'wearing'),
(1157, 1, 'positions'),
(1158, 1, 'microspeaker'),
(1159, 1, 'single'),
(1160, 1, 'balanced'),
(1161, 1, 'armature'),
(1162, 1, 'driver'),
(1163, 1, 'detachable,'),
(1164, 1, 'modular'),
(1165, 1, 'make'),
(1166, 1, 'longer'),
(1167, 1, 'shorter'),
(1168, 1, 'depending'),
(1169, 1, 'activity'),
(1170, 1, 'connector'),
(1171, 1, 'compatible'),
(1172, 1, 'earphone'),
(1173, 1, 'specifications'),
(1174, 1, 'speaker'),
(1175, 1, 'type'),
(1176, 1, 'frequency'),
(1177, 1, 'range'),
(1178, 1, '25hz185khz'),
(1179, 1, 'impedance'),
(1180, 1, '(1khz)'),
(1181, 1, 'ohms'),
(1182, 1, 'sensitivity'),
(1183, 1, '(1mw)'),
(1184, 1, 'length'),
(1185, 1, '(with'),
(1186, 1, 'extension)'),
(1187, 1, '(540'),
(1188, 1, '1371'),
(1189, 1, 'extension'),
(1190, 1, '(360'),
(1191, 1, 'three'),
(1192, 1, 'pairs'),
(1193, 1, 'foam'),
(1194, 1, 'earpiece'),
(1195, 1, 'sleeves'),
(1196, 1, '(small,'),
(1197, 1, 'medium,'),
(1198, 1, 'large)'),
(1199, 1, 'soft'),
(1200, 1, 'flex'),
(1201, 1, 'pair'),
(1202, 1, 'tripleflange'),
(1203, 1, 'carrying'),
(1204, 1, 'case'),
(1205, 1, 'warranty'),
(1206, 1, 'twoyear'),
(1207, 1, 'limited'),
(1208, 1, '(for'),
(1209, 1, 'details,'),
(1210, 1, 'please'),
(1211, 1, 'visit'),
(1212, 1, 'wwwshurecom'),
(1213, 1, 'personalaudio'),
(1214, 1, 'customersupport'),
(1215, 1, 'productreturnsa'),
(1216, 1, 'indexhtm)'),
(1217, 1, 'se210aefs'),
(1218, 1, 'note'),
(1219, 1, 'products'),
(1220, 1, 'sold'),
(1221, 1, 'through'),
(1222, 1, 'this'),
(1223, 1, 'website'),
(1224, 1, 'bear'),
(1225, 1, 'brand'),
(1226, 1, 'name'),
(1227, 1, 'serviced'),
(1228, 1, 'supported'),
(1229, 1, 'exclusively'),
(1230, 1, 'their'),
(1231, 1, 'manufacturers'),
(1232, 1, 'accordance'),
(1233, 1, 'terms'),
(1234, 1, 'conditions'),
(1235, 1, 'packaged'),
(1236, 1, 'apple''s'),
(1237, 1, 'does'),
(1238, 1, 'apply'),
(1239, 1, 'applebranded,'),
(1240, 1, 'even'),
(1241, 1, 'contact'),
(1242, 1, 'manufacturer'),
(1243, 1, 'directly'),
(1244, 1, 'technical'),
(1245, 1, 'support'),
(1246, 1, 'customer'),
(1247, 1, 'service'),
(1248, 1, 'incorporated');

INSERT INTO `PREFIX_access` (`id_profile`, `id_tab`, `view`, `add`, `edit`, `delete`) VALUES
(2, 1, 1, 1, 1, 1),
(2, 2, 1, 1, 1, 1),
(2, 3, 1, 1, 1, 1),
(2, 4, 0, 0, 0, 0),
(2, 5, 1, 1, 1, 1),
(2, 6, 0, 0, 0, 0),
(2, 7, 0, 0, 0, 0),
(2, 8, 0, 0, 0, 0),
(2, 9, 0, 0, 0, 0),
(2, 10, 0, 0, 0, 0),
(2, 11, 0, 0, 0, 0),
(2, 12, 1, 1, 1, 1),
(2, 13, 1, 1, 1, 1),
(2, 14, 0, 0, 0, 0),
(2, 15, 0, 0, 0, 0),
(2, 16, 0, 0, 0, 0),
(2, 17, 1, 1, 1, 1),
(2, 18, 0, 0, 0, 0),
(2, 19, 0, 0, 0, 0),
(2, 20, 1, 1, 1, 1),
(2, 21, 1, 1, 1, 1),
(2, 22, 0, 0, 0, 0),
(2, 23, 0, 0, 0, 0),
(2, 24, 0, 0, 0, 0),
(2, 26, 0, 0, 0, 0),
(2, 27, 0, 0, 0, 0),
(2, 28, 0, 0, 0, 0),
(2, 29, 0, 0, 0, 0),
(2, 30, 0, 0, 0, 0),
(2, 31, 0, 0, 0, 0),
(2, 32, 0, 0, 0, 0),
(2, 33, 0, 0, 0, 0),
(2, 34, 1, 1, 1, 1),
(2, 35, 0, 0, 0, 0),
(2, 36, 0, 0, 0, 0),
(2, 37, 0, 0, 0, 0),
(2, 38, 0, 0, 0, 0),
(2, 39, 0, 0, 0, 0),
(2, 40, 0, 0, 0, 0),
(2, 41, 0, 0, 0, 0),
(2, 42, 1, 1, 1, 1),
(2, 43, 0, 0, 0, 0),
(2, 44, 0, 0, 0, 0),
(2, 46, 0, 0, 0, 0),
(2, 47, 1, 1, 1, 1),
(2, 48, 0, 0, 0, 0),
(2, 49, 1, 1, 1, 1),
(2, 51, 0, 0, 0, 0),
(2, 52, 0, 0, 0, 0),
(2, 53, 0, 0, 0, 0),
(2, 54, 0, 0, 0, 0),
(2, 55, 1, 1, 1, 1),
(2, 56, 0, 0, 0, 0),
(2, 57, 0, 0, 0, 0),
(2, 58, 0, 0, 0, 0),
(2, 59, 1, 1, 1, 1),
(2, 60, 1, 1, 1, 1),
(2, 61, 0, 0, 0, 0),
(2, 62, 0, 0, 0, 0),
(2, 63, 0, 0, 0, 0),
(2, 64, 0, 0, 0, 0),
(2, 65, 0, 0, 0, 0),
(2, 66, 0, 0, 0, 0),
(2, 67, 0, 0, 0, 0),
(2, 68, 0, 0, 0, 0),
(2, 69, 0, 0, 0, 0),
(2, 70, 0, 0, 0, 0),
(2, 71, 0, 0, 0, 0),
(2, 72, 0, 0, 0, 0),
(2, 73, 1, 1, 1, 1),
(2, 80, 0, 0, 0, 0),
(2, 81, 0, 0, 0, 0),
(2, 82, 0, 0, 0, 0),
(2, 83, 0, 0, 0, 0),
(2, 84, 0, 0, 0, 0),
(2, 85, 0, 0, 0, 0),
(2, 86, 0, 0, 0, 0),
(2, 87, 0, 0, 0, 0),
(2, 88, 1, 1, 1, 1),
(3, 1, 1, 1, 1, 1),
(3, 2, 0, 0, 0, 0),
(3, 3, 0, 0, 0, 0),
(3, 4, 0, 0, 0, 0),
(3, 5, 0, 0, 0, 0),
(3, 6, 0, 0, 0, 0),
(3, 7, 0, 0, 0, 0),
(3, 8, 0, 0, 0, 0),
(3, 9, 1, 0, 0, 0),
(3, 10, 0, 0, 0, 0),
(3, 11, 0, 0, 0, 0),
(3, 12, 0, 0, 0, 0),
(3, 13, 0, 0, 0, 0),
(3, 14, 0, 0, 0, 0),
(3, 15, 0, 0, 0, 0),
(3, 16, 0, 0, 0, 0),
(3, 17, 0, 0, 0, 0),
(3, 18, 0, 0, 0, 0),
(3, 19, 0, 0, 0, 0),
(3, 20, 0, 0, 0, 0),
(3, 21, 0, 0, 0, 0),
(3, 22, 0, 0, 0, 0),
(3, 23, 0, 0, 0, 0),
(3, 24, 0, 0, 0, 0),
(3, 26, 0, 0, 0, 0),
(3, 27, 0, 0, 0, 0),
(3, 28, 0, 0, 0, 0),
(3, 29, 0, 0, 0, 0),
(3, 30, 0, 0, 0, 0),
(3, 31, 0, 0, 0, 0),
(3, 32, 1, 1, 1, 1),
(3, 33, 1, 1, 1, 1),
(3, 34, 0, 0, 0, 0),
(3, 35, 0, 0, 0, 0),
(3, 36, 0, 0, 0, 0),
(3, 37, 0, 0, 0, 0),
(3, 38, 0, 0, 0, 0),
(3, 39, 0, 0, 0, 0),
(3, 40, 0, 0, 0, 0),
(3, 41, 0, 0, 0, 0),
(3, 42, 0, 0, 0, 0),
(3, 43, 1, 0, 0, 0),
(3, 44, 0, 0, 0, 0),
(3, 46, 0, 0, 0, 0),
(3, 47, 0, 0, 0, 0),
(3, 48, 0, 0, 0, 0),
(3, 49, 0, 0, 0, 0),
(3, 51, 0, 0, 0, 0),
(3, 52, 0, 0, 0, 0),
(3, 53, 0, 0, 0, 0),
(3, 54, 0, 0, 0, 0),
(3, 55, 0, 0, 0, 0),
(3, 56, 0, 0, 0, 0),
(3, 57, 1, 1, 1, 1),
(3, 58, 0, 0, 0, 0),
(3, 59, 0, 0, 0, 0),
(3, 60, 0, 0, 0, 0),
(3, 61, 0, 0, 0, 0),
(3, 62, 0, 0, 0, 0),
(3, 63, 0, 0, 0, 0),
(3, 64, 0, 0, 0, 0),
(3, 65, 0, 0, 0, 0),
(3, 66, 0, 0, 0, 0),
(3, 67, 0, 0, 0, 0),
(3, 68, 0, 0, 0, 0),
(3, 69, 0, 0, 0, 0),
(3, 70, 0, 0, 0, 0),
(3, 71, 0, 0, 0, 0),
(3, 72, 0, 0, 0, 0),
(3, 73, 0, 0, 0, 0),
(3, 80, 0, 0, 0, 0),
(3, 81, 0, 0, 0, 0),
(3, 82, 0, 0, 0, 0),
(3, 83, 0, 0, 0, 0),
(3, 84, 0, 0, 0, 0),
(3, 85, 0, 0, 0, 0),
(3, 86, 0, 0, 0, 0),
(3, 87, 0, 0, 0, 0),
(3, 88, 1, 1, 1, 1),
(4, 1, 1, 1, 1, 1),
(4, 2, 1, 1, 1, 1),
(4, 3, 1, 1, 1, 1),
(4, 4, 0, 0, 0, 0),
(4, 5, 0, 0, 0, 0),
(4, 6, 1, 1, 1, 1),
(4, 7, 0, 0, 0, 0),
(4, 8, 0, 0, 0, 0),
(4, 9, 0, 0, 0, 0),
(4, 10, 1, 0, 0, 0),
(4, 11, 0, 0, 0, 0),
(4, 12, 1, 1, 1, 1),
(4, 13, 0, 0, 0, 0),
(4, 14, 0, 0, 0, 0),
(4, 15, 0, 0, 0, 0),
(4, 16, 0, 0, 0, 0),
(4, 17, 0, 0, 0, 0),
(4, 18, 0, 0, 0, 0),
(4, 19, 0, 0, 0, 0),
(4, 20, 0, 0, 0, 0),
(4, 21, 0, 0, 0, 0),
(4, 22, 0, 0, 0, 0),
(4, 23, 0, 0, 0, 0),
(4, 24, 0, 0, 0, 0),
(4, 26, 0, 0, 0, 0),
(4, 27, 0, 0, 0, 0),
(4, 28, 0, 0, 0, 0),
(4, 29, 0, 0, 0, 0),
(4, 30, 0, 0, 0, 0),
(4, 31, 0, 0, 0, 0),
(4, 32, 0, 0, 0, 0),
(4, 33, 0, 0, 0, 0),
(4, 34, 0, 0, 0, 0),
(4, 35, 0, 0, 0, 0),
(4, 36, 0, 0, 0, 0),
(4, 37, 0, 0, 0, 0),
(4, 38, 0, 0, 0, 0),
(4, 39, 0, 0, 0, 0),
(4, 40, 0, 0, 0, 0),
(4, 41, 0, 0, 0, 0),
(4, 42, 1, 1, 1, 1),
(4, 43, 1, 0, 0, 0),
(4, 44, 0, 0, 0, 0),
(4, 46, 0, 0, 0, 0),
(4, 47, 0, 0, 0, 0),
(4, 48, 0, 0, 0, 0),
(4, 49, 1, 1, 1, 1),
(4, 51, 0, 0, 0, 0),
(4, 52, 0, 0, 0, 0),
(4, 53, 0, 0, 0, 0),
(4, 54, 1, 1, 1, 1),
(4, 55, 0, 0, 0, 0),
(4, 56, 0, 0, 0, 0),
(4, 57, 0, 0, 0, 0),
(4, 58, 0, 0, 0, 0),
(4, 59, 1, 1, 1, 1),
(4, 60, 0, 0, 0, 0),
(4, 61, 0, 0, 0, 0),
(4, 62, 1, 1, 1, 1),
(4, 63, 1, 1, 1, 1),
(4, 64, 0, 0, 0, 0),
(4, 65, 1, 1, 1, 1),
(4, 66, 0, 0, 0, 0),
(4, 67, 0, 0, 0, 0),
(4, 68, 0, 0, 0, 0),
(4, 69, 0, 0, 0, 0),
(4, 70, 0, 0, 0, 0),
(4, 71, 0, 0, 0, 0),
(4, 72, 0, 0, 0, 0),
(4, 73, 0, 0, 0, 0),
(4, 80, 0, 0, 0, 0),
(4, 81, 0, 0, 0, 0),
(4, 82, 1, 1, 1, 1),
(4, 83, 0, 0, 0, 0),
(4, 84, 0, 0, 0, 0),
(4, 85, 0, 0, 0, 0),
(4, 86, 0, 0, 0, 0),
(4, 87, 0, 0, 0, 0),
(4, 88, 1, 1, 1, 1);

INSERT INTO `PREFIX_profile` (`id_profile`) VALUES
(2),
(3),
(4);
INSERT INTO `PREFIX_profile_lang` (`id_lang`, `id_profile`, `name`) VALUES
(1, 2, '物流人员'),
(1, 3, '翻译人员'),
(1, 4, '销售人员');

INSERT INTO `PREFIX_stock_mvt` (`id_stock_mvt`, `id_product`, `id_product_attribute`, `id_order`, `id_stock_mvt_reason`, `id_employee`, `quantity`, `date_add`, `date_upd`) VALUES
(1, 6, 0, 0, 2, 1, 250, NOW(), NOW()),
(2, 8, 0, 0, 2, 1, 1, NOW(), NOW()),
(3, 9, 0, 0, 2, 1, 1, NOW(), NOW()),
(4, 2, 7, 0, 2, 1, 10, NOW(), NOW()),
(5, 2, 8, 0, 2, 1, 20, NOW(), NOW()),
(6, 2, 9, 0, 2, 1, 30, NOW(), NOW()),
(7, 2, 10, 0, 2, 1, 40, NOW(), NOW()),
(8, 5, 12, 0, 2, 1, 100, NOW(), NOW()),
(9, 5, 13, 0, 2, 1, 99, NOW(), NOW()),
(10, 5, 14, 0, 2, 1, 50, NOW(), NOW()),
(11, 5, 15, 0, 2, 1, 25, NOW(), NOW()),
(12, 7, 19, 0, 2, 1, 50, NOW(), NOW()),
(13, 7, 22, 0, 2, 1, 60, NOW(), NOW()),
(14, 7, 23, 0, 2, 1, 70, NOW(), NOW()),
(15, 1, 25, 0, 2, 1, 50, NOW(), NOW()),
(16, 1, 26, 0, 2, 1, 50, NOW(), NOW()),
(17, 1, 27, 0, 2, 1, 50, NOW(), NOW()),
(18, 1, 28, 0, 2, 1, 50, NOW(), NOW()),
(19, 1, 29, 0, 2, 1, 50, NOW(), NOW()),
(20, 1, 30, 0, 2, 1, 50, NOW(), NOW()),
(21, 1, 31, 0, 2, 1, 50, NOW(), NOW()),
(22, 1, 32, 0, 2, 1, 50, NOW(), NOW()),
(23, 1, 33, 0, 2, 1, 50, NOW(), NOW()),
(24, 1, 34, 0, 2, 1, 50, NOW(), NOW()),
(25, 1, 35, 0, 2, 1, 50, NOW(), NOW()),
(26, 1, 36, 0, 2, 1, 50, NOW(), NOW()),
(27, 1, 39, 0, 2, 1, 50, NOW(), NOW()),
(28, 1, 40, 0, 2, 1, 50, NOW(), NOW()),
(29, 1, 41, 0, 2, 1, 50, NOW(), NOW()),
(30, 1, 42, 0, 2, 1, 50, NOW(), NOW());

INSERT INTO `PREFIX_store` (`id_store`, `id_country`, `id_state`, `name`, `address1`, `address2`, `city`, `postcode`, `latitude`, `longitude`, `hours`, `phone`, `fax`, `email`, `note`, `active`, `date_add`, `date_upd`) VALUES
(1, 1, 25, 'Dade County', '3030 SW 8th St Miami', '', '银川市', ' 33135', 25.765005, -80.243797, 'a:7:{i:0;s:13:"09:00 - 19:00";i:1;s:13:"09:00 - 19:00";i:2;s:13:"09:00 - 19:00";i:3;s:13:"09:00 - 19:00";i:4;s:13:"09:00 - 19:00";i:5;s:13:"10:00 - 16:00";i:6;s:13:"10:00 - 16:00";}', '', '', '', '', 1, '2010-11-09 10:53:13', '2010-11-09 10:53:13'),
(2, 1, 25, 'E Fort Lauderdale', '1000 Northeast 4th Ave Fort Lauderdale', '', '银川市', ' 33304', 26.137936, -80.139435, 'a:7:{i:0;s:13:"09:00 - 19:00";i:1;s:13:"09:00 - 19:00";i:2;s:13:"09:00 - 19:00";i:3;s:13:"09:00 - 19:00";i:4;s:13:"09:00 - 19:00";i:5;s:13:"10:00 - 16:00";i:6;s:13:"10:00 - 16:00";}', '', '', '', '', 1, '2010-11-09 10:56:26', '2010-11-09 10:56:26'),
(3, 1, 25, 'Pembroke Pines', '11001 Pines Blvd Pembroke Pines', '', '银川市', '33026', 26.009987, -80.294472, 'a:7:{i:0;s:13:"09:00 - 19:00";i:1;s:13:"09:00 - 19:00";i:2;s:13:"09:00 - 19:00";i:3;s:13:"09:00 - 19:00";i:4;s:13:"09:00 - 19:00";i:5;s:13:"10:00 - 16:00";i:6;s:13:"10:00 - 16:00";}', '', '', '', '', 1, '2010-11-09 10:58:42', '2010-11-09 11:01:11'),
(4, 1, 25, 'Coconut Grove', '2999 SW 32nd Avenue', '', '银川市', ' 33133', 25.736296, -80.244797, 'a:7:{i:0;s:13:"09:00 - 19:00";i:1;s:13:"09:00 - 19:00";i:2;s:13:"09:00 - 19:00";i:3;s:13:"09:00 - 19:00";i:4;s:13:"09:00 - 19:00";i:5;s:13:"10:00 - 16:00";i:6;s:13:"10:00 - 16:00";}', '', '', '', '', 1, '2010-11-09 11:00:38', '2010-11-09 11:04:52'),
(5, 1, 25, 'N Miami/Biscayne', '12055 Biscayne Blvd', '', '银川市', '33181', 25.886740, -80.163292, 'a:7:{i:0;s:13:"09:00 - 19:00";i:1;s:13:"09:00 - 19:00";i:2;s:13:"09:00 - 19:00";i:3;s:13:"09:00 - 19:00";i:4;s:13:"09:00 - 19:00";i:5;s:13:"10:00 - 16:00";i:6;s:13:"10:00 - 16:00";}', '', '', '', '', 1, '2010-11-09 11:11:28', '2010-11-09 11:11:28');

