<?xml version="1.0" encoding="utf-8"?>
<easyproject type="component" version="0.0.13" tpl="">
  <name>EasyCreator</name>
  <comname>com_easycreator</comname>
  <JCompat>1.5</JCompat>
  <buildoptions>
    <archive_zip>ON</archive_zip>
    <archive_tgz>OFF</archive_tgz>
    <archive_bz2>OFF</archive_bz2>
    <create_indexhtml>OFF</create_indexhtml>
    <create_md5>OFF</create_md5>
    <include_ecr_projectfile>ON</include_ecr_projectfile>
    <remove_autocode>OFF</remove_autocode>
  </buildoptions>
</easyproject>
