<?xml version="1.0" encoding="utf-8"?>
<install type="module" version="1.5" method="upgrade">
	<name>Advanced Search Module for FLEXIcontent</name>
	<author>Suriya Kaewmungmuang, ggppdk</author>
	<creationDate>29/06/2011</creationDate>
	<copyright>(C) 2011 flexicontent.org</copyright>
	<license>http://www.gnu.org/licenses/gpl-3.0.html GNU/GPL</license>
	<authorEmail>enjoyman@gmail.com</authorEmail>
	<authorUrl>http://www.flexicontent.org</authorUrl>
	<version>1.0</version>
	<description>Advanced Search Module for FLEXIcontent</description>
	
	<files>
		<filename module="mod_flexiadvsearch">mod_flexiadvsearch.php</filename>
		<filename>index.html</filename>
		<filename>helper.php</filename>
		<folder>elements</folder>
		<folder>tmpl</folder>
		<folder>tmpl_common</folder>
	</files>
	
	<languages>
		<language tag="en-GB">languages/en-GB.mod_flexiadvsearch.ini</language>
	</languages>
	
	<params addpath="/modules/mod_flexiadvsearch/elements">
	
			<field name="" type="separator" default="FLEXI_TEMPLATE_LAYOUT" description="" level="level1" />
			<field  name="layout"  type="fclayout"  default="news"  label="FLEXI_CHOOSE_TMPL"
						description="FLEXI_CHOOSE_TMPL_DESC"  directory="/modules/mod_flexiadvsearch/tmpl"
						hide_default="1"  hide_none="1"  stripext="1"  filter="\.php$"  exclude="^_"
						tmpl_container="mod_tmpl_layout" params_source="inline"
						/> <!-- params_source="file" -->
			
			<field name="" type="separator" default="FLEXI_MOD_MENU_ITEM" level="level1" menu="hide" />
			<field name="itemid_force" type="list" default="0" label="FLEXI_MOD_FORCE_MENU_ITEMID" description="FLEXI_MOD_FORCE_MENU_ITEMID_DESC">
				<option value="0">FLEXI_MOD_MENU_ITEMID_DEFAULT</option>
				<option value="1">FLEXI_MOD_MENU_ITEMID_CUSTOM</option>
			</field>
			<field name="itemid_force_value" type="text" default="" label="FLEXI_MOD_CUSTOM_MENU_ITEMID" description="FLEXI_MOD_CUSTOM_MENU_ITEMID" />
			
			<field name="" type="separator" default="FLEXI_BASIC_CONFIGURATION" level="level1" menu="hide" />
			
			<field name="" type="separator" default="FLEXI_MOD_TEXT_SEARCH_FIELD" level="level2" menu="hide" />
			<field name="width" type="text" default="20" label="FLEXI_MOD_TEXT_SEARCH_WIDTH" description="FLEXI_MOD_TEXT_SEARCH_WIDTH_DESC" />
			<field name="text" type="text" default="FLEXI_ADV_MOD_SEARCH_PROMPT" label="FLEXI_MOD_TEXT_SEARCH_PROMPT" description="FLEXI_MOD_TEXT_SEARCH_PROMPT_DESC" />
			
			<field name="" type="separator" default="FLEXI_MOD_GO_BUTTON" level="level2" menu="hide" />
			<field name="button" type="radio" default="" label="FLEXI_MOD_SHOW_GO_BUTTON" description="FLEXI_MOD_SHOW_GO_BUTTON_DESC">
				<option value="">FLEXI_NO</option>
				<option value="1">FLEXI_YES</option>
			</field>
			<field name="button_pos" type="list" default="right" label="FLEXI_MOD_BUTTON_POSITION" description="FLEXI_MOD_BUTTON_POSITION_DESC">
				<option value="right">FLEXI_BUTTON_RIGHT</option>
				<option value="left">FLEXI_BUTTON_LEFT</option>
				<option value="top">FLEXI_BUTTON_TOP</option>
				<option value="bottom">FLEXI_BUTTON_BOTTOM</option>
			</field>
			<field name="imagebutton" type="radio" default="0" label="FLEXI_MOD_BUTTON_AS" description="FLEXI_MOD_BUTTON_AS_DESC">
				<option value="0">FLEXI_MOD_BUTTON_AS_TEXT</option>
				<option value="1">FLEXI_MOD_BUTTON_AS_IMAGE</option>
			</field>
			<field name="button_image" type="text" default="" label="FLEXI_MOD_BUTTON_IMAGE_SRC" description="FLEXI_MOD_BUTTON_IMAGE_SRC" />
			<field name="button_text"  type="text" default="FLEXI_ADV_MOD_GO" label="FLEXI_MOD_BUTTON_TEXT" description="FLEXI_MOD_BUTTON_TEXT_DESC" />
			
			<field name="" type="separator" default="FLEXI_MOD_ADV_SEARCH" description="FLEXI_MOD_ADV_SEARCH_DESC" level="level2" menu="hide" />
			<field name="linkadvsearch" type="radio" default="1" label="FLEXI_MOD_ADV_SEARCH_SHOW_LINK" description="FLEXI_MOD_ADV_SEARCH_SHOW_LINK_DESC">
				<option value="0">FLEXI_NO</option>
				<option value="1">FLEXI_YES</option>
			</field>
			<field name="linkadvsearch_txt" type="text" default="FLEXI_ADV_MOD_ADVANCED_SEARCH" label="FLEXI_MOD_ADV_SEARCH_LINKED_TEXT" description="FLEXI_MOD_ADV_SEARCH_LINKED_TEXT_DESC" />
		
	  <field name="" type="jparamstab" title="FLEXI_MODULE_DISPLAYING_RULES" description="FLEXI_MODULE_DISPLAYING_RULES_DESC" />
			<field name="combine_show_rules" type="radio" default="AND" label="FLEXI_COMBINE_SHOW_RULES" description="FLEXI_COMBINE_SHOW_RULES_DESC">
				<option value="OR">FLEXI_OR</option>
				<option value="AND">FLEXI_AND</option>
			</field>

			<field name="" type="separator" default="FLEXI_FLEXI_VIEW_RULES" level="level2" menu="hide" />
			<field name="show_in_views" type="fccheckbox" default=""
					checkoptions="FLEXI_CATEGORY_V,FLEXI_ITEM_V,FLEXI_FAVOURITES_V,FLEXI_TAGS_V,FLEXI_SEARCH_V,FLEXI_OTHERS_V" checkvals="category,item,favourites,tags,search,others"
					defaultvals="category,item,favourites,tags,search,others"
					label="FLEXI_SHOW_IN_VIEWS" description="FLEXI_SHOW_IN_VIEWS_DESC"
			/>
			
			<field name="" type="separator" default="FLEXI_PHP_EXPRESSION_RULE" level="level2" menu="hide" />
			<field name="enable_php_rule" type="radio" default="0" label="FLEXI_ENABLE_RULE" description="FLEXI_ENABLE_RULE_DESC">
				<option value="0">FLEXI_NO</option>
				<option value="1">FLEXI_YES</option>
			</field>
			<field name="php_rule" type="textarea" rows="5" cols="40" label="FLEXI_PHP_RULE_CODE" description="FLEXI_PHP_RULE_CODE_DESC" />

	  <field name="" type="jparamstab" title="FLEXI_MOD_ADVANCED" />
			<field name="" type="separator" default="FLEXI_MODULE_STYLING" level="level1" menu="hide" />
			<field name="moduleclass_sfx" type="text" default="" label="FLEXI_MODULE_CLASS_SUFFIX" description="FLEXI_MODULE_CLASS_SUFFIX_DESC" />
			
			<field name="" type="separator" default="FLEXI_CACHING" level="level1" menu="hide" />
			<field name="cache" type="list" default="1" label="FLEXI_CACHING" description="FLEXI_CACHING_DESC">
				<option value="2">FLEXI_FORCE_CACHE</option>
				<option value="1">FLEXI_USE_GLOBAL</option>
				<option value="0">FLEXI_NO_CACHING</option>
			</field>
			<field name="cache_time" type="text" default="900" label="FLEXI_CACHE_TIME" description="FLEXI_CACHE_TIME_DESC" />
		
	</params>
</install>
