
SET NAMES 'utf8';

INSERT INTO `PREFIX_hook` (`id_hook`, `name`, `title`, `description`, `position`, `live_edit`) VALUES
(1, 'payment', 'Payment', NULL, 1, 1),
(2, 'newOrder', 'New orders', NULL, 0, 0),
(3, 'paymentConfirm', 'Payment confirmation', NULL, 0, 0),
(4, 'paymentReturn', 'Payment return', NULL, 0, 0),
(5, 'updateQuantity', 'Quantity update', 'Quantity is updated only when the customer effectively <b>place</b> his order.', 0, 0),
(6, 'rightColumn', 'Right column blocks', NULL, 1, 1),
(7, 'leftColumn', 'Left column blocks', NULL, 1, 1),
(8, 'home', 'Homepage content', NULL, 1, 1),
(9, 'header', 'Header of pages', 'A hook which allow you to do things in the header of each pages', 1, 0),
(10, 'cart', 'Cart creation and update', NULL, 0, 0),
(11, 'authentication', 'Successful customer authentication', NULL, 0, 0),
(12, 'addproduct', 'Product creation', NULL, 0, 0),
(13, 'updateproduct', 'Product Update', NULL, 0, 0),
(14, 'top', 'Top of pages', 'A hook which allow you to do things a the top of each pages.', 1, 0),
(15, 'extraRight', 'Extra actions on the product page (right column).', NULL, 0, 0),
(16, 'deleteproduct', 'Product deletion', 'This hook is called when a product is deleted', 0, 0),
(17, 'productfooter', 'Product footer', 'Add new blocks under the product description', 1, 1),
(18, 'invoice', 'Invoice', 'Add blocks to invoice (order)', 1, 0),
(19, 'updateOrderStatus', 'Order''s status update event', 'Launch modules when the order''s status of an order change.', 0, 0),
(20, 'adminOrder', 'Display in Back-Office, tab AdminOrder', 'Launch modules when the tab AdminOrder is displayed on back-office.', 0, 0),
(21, 'footer', 'Footer', 'Add block in footer', 1, 0),
(22, 'PDFInvoice', 'PDF Invoice', 'Allow the display of extra informations into the PDF invoice', 0, 0),
(23, 'adminCustomers', 'Display in Back-Office, tab AdminCustomers', 'Launch modules when the tab AdminCustomers is displayed on back-office.', 0, 0),
(24, 'orderConfirmation', 'Order confirmation page', 'Called on order confirmation page', 0, 0),
(25, 'createAccount', 'Successful customer create account', 'Called when new customer create account successfuled', 0, 0),
(26, 'customerAccount', 'Customer account page display in front office', 'Display on page account of the customer', 1, 0),
(27, 'orderSlip', 'Called when a order slip is created', 'Called when a quantity of one product change in an order.', 0, 0),
(28, 'productTab', 'Tabs on product page', 'Called on order product page tabs', 0, 0),
(29, 'productTabContent', 'Content of tabs on product page', 'Called on order product page tabs', 0, 0),
(30, 'shoppingCart', 'Shopping cart footer', 'Display some specific informations on the shopping cart page', 0, 0),
(31, 'createAccountForm', 'Customer account creation form', 'Display some information on the form to create a customer account', 1, 0),
(32, 'AdminStatsModules','Stats - Modules', NULL, 1, 0),
(33, 'GraphEngine','Graph Engines', NULL, 0, 0),
(34, 'orderReturn','Product returned', NULL, 0, 0),
(35, 'productActions', 'Product actions', 'Put new action buttons on product page', 1, 0),
(36, 'backOfficeHome', 'Administration panel homepage', NULL, 1, 0),
(37, 'GridEngine','Grid Engines', NULL, 0, 0),
(38, 'watermark','Watermark', NULL, 0, 0),
(39, 'cancelProduct', 'Product cancelled', 'This hook is called when you cancel a product in an order', 0, 0),
(40, 'extraLeft', 'Extra actions on the product page (left column).', NULL, 0, 0),
(41, 'productOutOfStock', 'Product out of stock', 'Make action while product is out of stock', 1, 0),
(42, 'updateProductAttribute', 'Product attribute update', NULL, 0, 0),
(43, 'extraCarrier', 'Extra carrier (module mode)', NULL, 0, 0),
(44, 'shoppingCartExtra', 'Shopping cart extra button', 'Display some specific informations', 1, 0),
(45, 'search', 'Search', NULL, 0, 0),
(46, 'backBeforePayment', 'Redirect in order process', 'Redirect user to the module instead of displaying payment modules', 0, 0),
(47, 'updateCarrier', 'Carrier Update', 'This hook is called when a carrier is updated', 0, 0),
(48, 'postUpdateOrderStatus', 'Post update of order status', NULL, 0, 0),
(49, 'createAccountTop', 'Block above the form for create an account', NULL, 1, 0),
(50, 'backOfficeHeader', 'Administration panel header', NULL , 0, 0),
(51, 'backOfficeTop', 'Administration panel hover the tabs', NULL , 1, 0),
(52, 'backOfficeFooter', 'Administration panel footer', NULL , 1, 0),
(53, 'deleteProductAttribute', 'Product Attribute Deletion', NULL, 0, 0),
(54, 'processCarrier', 'Carrier Process', NULL, 0, 0),
(55, 'orderDetail', 'Order Detail', 'To set the follow-up in smarty when order detail is called', 0, 0),
(56, 'beforeCarrier', 'Before carrier list', 'This hook is display before the carrier list on Front office', 1, 0),
(57, 'orderDetailDisplayed', 'Order detail displayed', 'Displayed on order detail on front office', 1, 0),
(58, 'paymentCCAdded', 'Payment CC added', 'Payment CC added', 0, 0),
(59, 'extraProductComparison', 'Extra Product Comparison', 'Extra Product Comparison', 0, 0),
(60, 'categoryAddition', 'Category creation', '', 0, 0),
(61, 'categoryUpdate', 'Category modification', '', 0, 0),
(62, 'categoryDeletion', 'Category removal', '', 0, 0),
(63, 'beforeAuthentication', 'Before Authentication', 'Before authentication', 0, 0),
(64, 'paymentTop', 'Top of payment page', 'Top of payment page', 0, 0),
(65, 'afterCreateHtaccess', 'After htaccess creation', 'After htaccess creation', 0, 0),
(66, 'afterSaveAdminMeta', 'After save configuration in AdminMeta', 'After save configuration in AdminMeta', 0, 0),
(67, 'attributeGroupForm', 'Add fields to the form "attribute group"', 'Add fields to the form "attribute group"', 0, 0),
(68, 'afterSaveAttributeGroup', 'On saving attribute group', 'On saving attribute group', 0, 0),
(69, 'afterDeleteAttributeGroup', 'On deleting attribute group', 'On deleting attribute group', 0, 0),
(70, 'featureForm', 'Add fields to the form "feature"', 'Add fields to the form "feature"', 0, 0),
(71, 'afterSaveFeature', 'On saving attribute feature', 'On saving attribute feature', 0, 0),
(72, 'afterDeleteFeature', 'On deleting attribute feature', 'On deleting attribute feature', 0, 0),
(73, 'afterSaveProduct', 'On saving products', 'On saving products', 0, 0),
(74, 'productListAssign', 'Assign product list to a category', 'Assign product list to a category', 0, 0),
(75, 'postProcessAttributeGroup', 'On post-process in admin attribute group', 'On post-process in admin attribute group', 0, 0),
(76, 'postProcessFeature', 'On post-process in admin feature', 'On post-process in admin feature', 0, 0),
(77, 'featureValueForm', 'Add fields to the form "feature value"', 'Add fields to the form "feature value"', 0, 0),
(78, 'postProcessFeatureValue', 'On post-process in admin feature value', 'On post-process in admin feature value', 0, 0),
(79, 'afterDeleteFeatureValue', 'On deleting attribute feature value', 'On deleting attribute feature value', 0, 0),
(90, 'afterSaveFeatureValue', 'On saving attribute feature value', 'On saving attribute feature value', 0, 0),
(91, 'attributeForm', 'Add fields to the form "attribute value"', 'Add fields to the form "attribute value"', 0, 0),
(92, 'postProcessAttribute', 'On post-process in admin feature value', 'On post-process in admin feature value', 0, 0),
(93, 'afterDeleteAttribute', 'On deleting attribute feature value', 'On deleting attribute feature value', 0, 0),
(94, 'afterSaveAttribute', 'On saving attribute feature value', 'On saving attribute feature value', 0, 0),
(95, 'frontCanonicalRedirect', 'Front Canonical Redirect', 'Check for 404 errors before canonical redirects', 0, 0);

INSERT INTO `PREFIX_configuration` (`id_configuration`, `name`, `value`, `date_add`, `date_upd`) VALUES
(1, 'PS_LANG_DEFAULT', '1', NOW(), NOW()),
(2, 'PS_CURRENCY_DEFAULT', '1', NOW(), NOW()),
(3, 'PS_COUNTRY_DEFAULT', '8', NOW(), NOW()),
(4, 'PS_REWRITING_SETTINGS', '0', NOW(), NOW()),
(5, 'PS_ORDER_OUT_OF_STOCK', '0', NOW(), NOW()),
(6, 'PS_LAST_QTIES', '3', NOW(), NOW()),
(7, 'PS_CART_REDIRECT', '1', NOW(), NOW()),
(8, 'PS_HELPBOX', '1', NOW(), NOW()),
(9, 'PS_CONDITIONS', '1', NOW(), NOW()),
(10, 'PS_RECYCLABLE_PACK', '1', NOW(), NOW()),
(11, 'PS_GIFT_WRAPPING', '1', NOW(), NOW()),
(12, 'PS_GIFT_WRAPPING_PRICE', '0', NOW(), NOW()),
(13, 'PS_STOCK_MANAGEMENT', '1', NOW(), NOW()),
(14, 'PS_NAVIGATION_PIPE', '>', NOW(), NOW()),
(15, 'PS_PRODUCTS_PER_PAGE', '10', NOW(), NOW()),
(16, 'PS_PURCHASE_MINIMUM', '0', NOW(), NOW()),
(17, 'PS_PRODUCTS_ORDER_WAY', '0', NOW(), NOW()),
(18, 'PS_PRODUCTS_ORDER_BY', '4', NOW(), NOW()),
(19, 'PS_DISPLAY_QTIES', '1', NOW(), NOW()),
(20, 'PS_SHIPPING_HANDLING', '2', NOW(), NOW()),
(21, 'PS_SHIPPING_FREE_PRICE', '0', NOW(), NOW()),
(22, 'PS_SHIPPING_FREE_WEIGHT', '0', NOW(), NOW()),
(23, 'PS_SHIPPING_METHOD', '1', NOW(), NOW()),
(24, 'PS_TAX', '1', NOW(), NOW()),
(25, 'PS_SHOP_ENABLE', '1', NOW(), NOW()),
(26, 'PS_NB_DAYS_NEW_PRODUCT', '20', NOW(), NOW()),
(27, 'PS_SSL_ENABLED', '0', NOW(), NOW()),
(28, 'PS_WEIGHT_UNIT', 'kg', NOW(), NOW()),
(29, 'PS_BLOCK_CART_AJAX', '1', NOW(), NOW()),
(30, 'PS_ORDER_RETURN', '0', NOW(), NOW()),
(31, 'PS_ORDER_RETURN_NB_DAYS', '7', NOW(), NOW()),
(32, 'PS_MAIL_TYPE', '3', NOW(), NOW()),
(33, 'PS_PRODUCT_PICTURE_MAX_SIZE', '2048000', NOW(), NOW()),
(34, 'PS_PRODUCT_PICTURE_WIDTH', '64', NOW(), NOW()),
(35, 'PS_PRODUCT_PICTURE_HEIGHT', '64', NOW(), NOW()),
(36, 'PS_INVOICE_PREFIX', 'IN', NOW(), NOW()),
(37, 'PS_INVOICE_NUMBER', '1', NOW(), NOW()),
(38, 'PS_DELIVERY_PREFIX', 'DE', NOW(), NOW()),
(39, 'PS_DELIVERY_NUMBER', '1', NOW(), NOW()),
(40, 'PS_INVOICE', '1', NOW(), NOW()),
(41, 'PS_PASSWD_TIME_BACK', '360', NOW(), NOW()),
(42, 'PS_PASSWD_TIME_FRONT', '360', NOW(), NOW()),
(43, 'PS_DISP_UNAVAILABLE_ATTR', '1', NOW(), NOW()),
(44, 'PS_VOUCHERS', '1', NOW(), NOW()),
(45, 'PS_SEARCH_MINWORDLEN', '3', NOW(), NOW()),
(46, 'PS_SEARCH_BLACKLIST', '', NOW(), NOW()),
(47, 'PS_SEARCH_WEIGHT_PNAME', '6', NOW(), NOW()),
(48, 'PS_SEARCH_WEIGHT_REF', '10', NOW(), NOW()),
(49, 'PS_SEARCH_WEIGHT_SHORTDESC', '1', NOW(), NOW()),
(50, 'PS_SEARCH_WEIGHT_DESC', '1', NOW(), NOW()),
(51, 'PS_SEARCH_WEIGHT_CNAME', '3', NOW(), NOW()),
(52, 'PS_SEARCH_WEIGHT_MNAME', '3', NOW(), NOW()),
(53, 'PS_SEARCH_WEIGHT_TAG', '4', NOW(), NOW()),
(54, 'PS_SEARCH_WEIGHT_ATTRIBUTE', '2', NOW(), NOW()),
(55, 'PS_SEARCH_WEIGHT_FEATURE', '2', NOW(), NOW()),
(56, 'PS_SEARCH_AJAX', '1', NOW(), NOW()),
(57, 'PS_TIMEZONE', 'Europe/Paris', NOW(), NOW()),
(58, 'PS_THEME_V11', 0, NOW(), NOW()),
(59, 'PRESTASTORE_LIVE', 1, NOW(), NOW()),
(60, 'PS_TIN_ACTIVE', 0, NOW(), NOW()),
(61, 'PS_SHOW_ALL_MODULES', 0, NOW(), NOW()),
(62, 'PS_BACKUP_ALL', 0, NOW(), NOW()),
(63, 'PS_1_3_UPDATE_DATE', NOW(), NOW(), NOW()),
(64, 'PS_PRICE_ROUND_MODE', 2, NOW(), NOW()),
(65, 'PS_1_3_2_UPDATE_DATE', NOW(), NOW(), NOW()),
(66, 'PS_CONDITIONS_CMS_ID', 3, NOW(), NOW()),
(67, 'TRACKING_DIRECT_TRAFFIC', 0, NOW(), NOW()),
(68, 'PS_META_KEYWORDS', 0, NOW(), NOW()),
(69, 'PS_DISPLAY_JQZOOM', 0, NOW(), NOW()),
(70, 'PS_VOLUME_UNIT', 'cl', NOW(), NOW()),
(71, 'PS_CIPHER_ALGORITHM', 0, NOW(), NOW()),
(72, 'PS_ATTRIBUTE_CATEGORY_DISPLAY', 1, NOW(), NOW()),
(73, 'PS_CUSTOMER_SERVICE_FILE_UPLOAD', 1, NOW(), NOW()),
(74, 'PS_CUSTOMER_SERVICE_SIGNATURE', '', NOW(), NOW()),
(75, 'PS_BLOCK_BESTSELLERS_DISPLAY', 0, NOW(), NOW()),
(76, 'PS_BLOCK_NEWPRODUCTS_DISPLAY', 0, NOW(), NOW()),
(77, 'PS_BLOCK_SPECIALS_DISPLAY', 0, NOW(), NOW()),
(78, 'PS_STOCK_MVT_REASON_DEFAULT', 3, NOW(), NOW()),
(79, 'PS_COMPARATOR_MAX_ITEM', 3, NOW(), NOW()),
(80, 'PS_ORDER_PROCESS_TYPE', 0, NOW(), NOW()),
(81, 'PS_SPECIFIC_PRICE_PRIORITIES', 'id_shop;id_currency;id_country;id_group', NOW(), NOW()),
(82, 'PS_TAX_DISPLAY', 0, NOW(), NOW()),
(83, 'PS_SMARTY_FORCE_COMPILE', 0, NOW(), NOW()),
(84, 'PS_DISTANCE_UNIT', 'km', NOW(), NOW()),
(85, 'PS_STORES_DISPLAY_CMS', 1, NOW(), NOW()),
(86, 'PS_STORES_DISPLAY_FOOTER', 1, NOW(), NOW()),
(87, 'PS_STORES_SIMPLIFIED', 0, NOW(), NOW()),
(88, 'SHOP_LOGO_WIDTH', 224, NOW(), NOW()),
(89, 'SHOP_LOGO_HEIGHT', 73, NOW(), NOW()),
(90, 'EDITORIAL_IMAGE_WIDTH', 530, NOW(), NOW()),
(91, 'EDITORIAL_IMAGE_HEIGHT', 228, NOW(), NOW()),
(92, 'PS_STATSDATA_CUSTOMER_PAGESVIEWS', 0, NOW(), NOW()),
(93, 'PS_STATSDATA_PAGESVIEWS', 0, NOW(), NOW()),
(94, 'PS_STATSDATA_PLUGINS', 0, NOW(), NOW()),
(95, 'PS_GEOLOCATION_ENABLED', '0', NOW(), NOW()),
(96, 'PS_ALLOWED_COUNTRIES', 'AF;ZA;AX;AL;DZ;DE;AD;AO;AI;AQ;AG;AN;SA;AR;AM;AW;AU;AT;AZ;BS;BH;BD;BB;BY;BE;BZ;BJ;BM;BT;BO;BA;BW;BV;BR;BN;BG;BF;MM;BI;KY;KH;CM;CA;CV;CF;CL;CN;CX;CY;CC;CO;KM;CG;CD;CK;KR;KP;CR;CI;HR;CU;DK;DJ;DM;EG;IE;SV;AE;EC;ER;ES;EE;ET;FK;FO;FJ;FI;FR;GA;GM;GE;GS;GH;GI;GR;GD;GL;GP;GU;GT;GG;GN;GQ;GW;GY;GF;HT;HM;HN;HK;HU;IM;MU;VG;VI;IN;ID;IR;IQ;IS;IL;IT;JM;JP;JE;JO;KZ;KE;KG;KI;KW;LA;LS;LV;LB;LR;LY;LI;LT;LU;MO;MK;MG;MY;MW;MV;ML;MT;MP;MA;MH;MQ;MR;YT;MX;FM;MD;MC;MN;ME;MS;MZ;NA;NR;NP;NI;NE;NG;NU;NF;NO;NC;NZ;IO;OM;UG;UZ;PK;PW;PS;PA;PG;PY;NL;PE;PH;PN;PL;PF;PR;PT;QA;DO;CZ;RE;RO;GB;RU;RW;EH;BL;KN;SM;MF;PM;VA;VC;LC;SB;WS;AS;ST;SN;RS;SC;SL;SG;SK;SI;SO;SD;LK;SE;CH;SR;SJ;SZ;SY;TJ;TW;TZ;TD;TF;TH;TL;TG;TK;TO;TT;TN;TM;TC;TR;TV;UA;UY;US;VU;VE;VN;WF;YE;ZM;ZW', NOW(), NOW()),
(97, 'PS_GEOLOCATION_BEHAVIOR', '0', NOW(), NOW()),
(98, 'PS_LOCALE_LANGUAGE', '', NOW(), NOW()),
(99, 'PS_LOCALE_COUNTRY', '', NOW(), NOW()),
(100, 'PS_ATTACHMENT_MAXIMUM_SIZE', '2', NOW(), NOW()),
(101, 'PS_SMARTY_CACHE', '1', NOW(), NOW()),
(102, 'PS_DIMENSION_UNIT', 'cm', NOW(), NOW()),
(103, 'PS_FORCE_SMARTY_2', '0', NOW(), NOW()),
(104, 'PS_GUEST_CHECKOUT_ENABLED', '0', NOW(), NOW()),
(105, 'PS_DISPLAY_SUPPLIERS', '1', NOW(), NOW()),
(106, 'PS_CATALOG_MODE', '0', NOW(), NOW()),
(107, 'PS_GEOLOCATION_WHITELIST', '209.185.108;209.185.253;209.85.238;209.85.238.11;209.85.238.4;216.239.33.96;216.239.33.97;216.239.33.98;216.239.33.99;216.239.37.98;216.239.37.99;216.239.39.98;216.239.39.99;216.239.41.96;216.239.41.97;216.239.41.98;216.239.41.99;216.239.45.4;216.239.46;216.239.51.96;216.239.51.97;216.239.51.98;216.239.51.99;216.239.53.98;216.239.53.99;216.239.57.96;216.239.57.97;216.239.57.98;216.239.57.99;216.239.59.98;216.239.59.99;216.33.229.163;64.233.173.193;64.233.173.194;64.233.173.195;64.233.173.196;64.233.173.197;64.233.173.198;64.233.173.199;64.233.173.200;64.233.173.201;64.233.173.202;64.233.173.203;64.233.173.204;64.233.173.205;64.233.173.206;64.233.173.207;64.233.173.208;64.233.173.209;64.233.173.210;64.233.173.211;64.233.173.212;64.233.173.213;64.233.173.214;64.233.173.215;64.233.173.216;64.233.173.217;64.233.173.218;64.233.173.219;64.233.173.220;64.233.173.221;64.233.173.222;64.233.173.223;64.233.173.224;64.233.173.225;64.233.173.226;64.233.173.227;64.233.173.228;64.233.173.229;64.233.173.230;64.233.173.231;64.233.173.232;64.233.173.233;64.233.173.234;64.233.173.235;64.233.173.236;64.233.173.237;64.233.173.238;64.233.173.239;64.233.173.240;64.233.173.241;64.233.173.242;64.233.173.243;64.233.173.244;64.233.173.245;64.233.173.246;64.233.173.247;64.233.173.248;64.233.173.249;64.233.173.250;64.233.173.251;64.233.173.252;64.233.173.253;64.233.173.254;64.233.173.255;64.68.80;64.68.81;64.68.82;64.68.83;64.68.84;64.68.85;64.68.86;64.68.87;64.68.88;64.68.89;64.68.90.1;64.68.90.10;64.68.90.11;64.68.90.12;64.68.90.129;64.68.90.13;64.68.90.130;64.68.90.131;64.68.90.132;64.68.90.133;64.68.90.134;64.68.90.135;64.68.90.136;64.68.90.137;64.68.90.138;64.68.90.139;64.68.90.14;64.68.90.140;64.68.90.141;64.68.90.142;64.68.90.143;64.68.90.144;64.68.90.145;64.68.90.146;64.68.90.147;64.68.90.148;64.68.90.149;64.68.90.15;64.68.90.150;64.68.90.151;64.68.90.152;64.68.90.153;64.68.90.154;64.68.90.155;64.68.90.156;64.68.90.157;64.68.90.158;64.68.90.159;64.68.90.16;64.68.90.160;64.68.90.161;64.68.90.162;64.68.90.163;64.68.90.164;64.68.90.165;64.68.90.166;64.68.90.167;64.68.90.168;64.68.90.169;64.68.90.17;64.68.90.170;64.68.90.171;64.68.90.172;64.68.90.173;64.68.90.174;64.68.90.175;64.68.90.176;64.68.90.177;64.68.90.178;64.68.90.179;64.68.90.18;64.68.90.180;64.68.90.181;64.68.90.182;64.68.90.183;64.68.90.184;64.68.90.185;64.68.90.186;64.68.90.187;64.68.90.188;64.68.90.189;64.68.90.19;64.68.90.190;64.68.90.191;64.68.90.192;64.68.90.193;64.68.90.194;64.68.90.195;64.68.90.196;64.68.90.197;64.68.90.198;64.68.90.199;64.68.90.2;64.68.90.20;64.68.90.200;64.68.90.201;64.68.90.202;64.68.90.203;64.68.90.204;64.68.90.205;64.68.90.206;64.68.90.207;64.68.90.208;64.68.90.21;64.68.90.22;64.68.90.23;64.68.90.24;64.68.90.25;64.68.90.26;64.68.90.27;64.68.90.28;64.68.90.29;64.68.90.3;64.68.90.30;64.68.90.31;64.68.90.32;64.68.90.33;64.68.90.34;64.68.90.35;64.68.90.36;64.68.90.37;64.68.90.38;64.68.90.39;64.68.90.4;64.68.90.40;64.68.90.41;64.68.90.42;64.68.90.43;64.68.90.44;64.68.90.45;64.68.90.46;64.68.90.47;64.68.90.48;64.68.90.49;64.68.90.5;64.68.90.50;64.68.90.51;64.68.90.52;64.68.90.53;64.68.90.54;64.68.90.55;64.68.90.56;64.68.90.57;64.68.90.58;64.68.90.59;64.68.90.6;64.68.90.60;64.68.90.61;64.68.90.62;64.68.90.63;64.68.90.64;64.68.90.65;64.68.90.66;64.68.90.67;64.68.90.68;64.68.90.69;64.68.90.7;64.68.90.70;64.68.90.71;64.68.90.72;64.68.90.73;64.68.90.74;64.68.90.75;64.68.90.76;64.68.90.77;64.68.90.78;64.68.90.79;64.68.90.8;64.68.90.80;64.68.90.9;64.68.91;64.68.92;66.249.64;66.249.65;66.249.66;66.249.67;66.249.68;66.249.69;66.249.70;66.249.71;66.249.72;66.249.73;66.249.78;66.249.79;72.14.199;8.6.48', NOW(), NOW()),
(108, 'PS_LOGS_BY_EMAIL', '5', NOW(), NOW()),
(109, 'PS_COOKIE_CHECKIP', '1', NOW(), NOW()),
(110, 'PS_STORES_CENTER_LAT', '25.948969', NOW(), NOW()),
(111, 'PS_STORES_CENTER_LONG', '-80.226439', NOW(), NOW()),
(112, 'PS_HOMEPAGE_PHP_SELF', 'index.php', NOW(), NOW()),
(113, 'PS_USE_ECOTAX', '0', NOW(), NOW()),
(114, 'PS_CANONICAL_REDIRECT', '1', NOW(), NOW()),
(115, 'PS_IMG_UPDATE_TIME', UNIX_TIMESTAMP(), NOW(), NOW()),
(116, 'PS_BACKUP_DROP_TABLE', 1, NOW(), NOW()),
(117, 'PS_OS_CHEQUE', '1', NOW(), NOW()),
(118, 'PS_OS_PAYMENT', '2', NOW(), NOW()),
(119, 'PS_OS_PREPARATION', '3', NOW(), NOW()),
(120, 'PS_OS_SHIPPING', '4', NOW(), NOW()),
(121, 'PS_OS_DELIVERED', '5', NOW(), NOW()),
(122, 'PS_OS_CANCELED', '6', NOW(), NOW()),
(123, 'PS_OS_REFUND', '7', NOW(), NOW()),
(124, 'PS_OS_ERROR', '8', NOW(), NOW()),
(125, 'PS_OS_OUTOFSTOCK', '9', NOW(), NOW()),
(126, 'PS_OS_BANKWIRE', '10', NOW(), NOW()),
(127, 'PS_OS_PAYPAL', '11', NOW(), NOW()),
(128, 'PS_OS_WS_PAYMENT', '12', NOW(), NOW()),
(129, 'PS_LEGACY_IMAGES', '1', NOW(), NOW()),
(130, 'PS_IMAGE_QUALITY', 'jpg', NOW(), NOW()),
(131, 'PS_PNG_QUALITY', '7', NOW(), NOW()),
(132, 'PS_JPEG_QUALITY', '90', NOW(), NOW()),
(133, 'PS_COOKIE_LIFETIME_FO', '480', NOW(), NOW()),
(134, 'PS_COOKIE_LIFETIME_BO', '480', NOW(), NOW()),
(135, 'PS_RESTRICT_DELIVERED_COUNTRIES', '0', NOW(), NOW()),
(136, 'PS_LIMIT_UPLOAD_IMAGE_VALUE', '2', NOW(), NOW()),
(137, 'PS_LIMIT_UPLOAD_FILE_VALUE', '2', NOW(), NOW()),
(138, 'PS_CART_FOLLOWING', 1, NOW(), NOW()),
(139, 'PS_TAX_DISPLAY_ALL', 0, NOW(), NOW());

INSERT INTO `PREFIX_configuration_lang` (`id_configuration`, `id_lang`, `value`, `date_upd`) VALUES
(36, 1, 'IN', NOW()),
(38, 1, 'DE', NOW()),
(46, 1, 'a|the|of|on|in|and|to', NOW()),
(68, 1, 0, NOW()),
(74, 1, 'Dear Customer,\r\n\r\nRegards,\r\nCustomer service', NOW());

INSERT INTO `PREFIX_lang` (`id_lang`, `name`, `active`, `iso_code`, `language_code`, `date_format_lite`, `date_format_full`) VALUES
(1, 'English (English)', 1, 'en', 'en-us', 'm/j/Y', 'm/j/Y H:i:s');

INSERT INTO `PREFIX_category` (`id_category`, `id_parent`, `level_depth`, `nleft`, `nright`, `active`, `date_add`, `date_upd`, `position`) VALUES
(1, 0, 0, 1, 8, 1, NOW(), NOW(), 0);
INSERT INTO `PREFIX_category_lang` (`id_category`, `id_lang`, `name`, `description`, `link_rewrite`, `meta_title`, `meta_keywords`, `meta_description`) VALUES
(1, 1, '首页', '', 'home', NULL, NULL, NULL);

INSERT INTO `PREFIX_order_state` (`id_order_state`, `invoice`, `send_email`, `color`, `unremovable`, `logable`, `delivery`) VALUES
(1, 0, 1, 'lightblue', 1, 0, 0),
(2, 1, 1, '#DDEEFF', 1, 1, 0),
(3, 1, 1, '#FFDD99', 1, 1, 1),
(4, 1, 1, '#EEDDFF', 1, 1, 1),
(5, 1, 0, '#DDFFAA', 1, 1, 1),
(6, 0, 1, '#DADADA', 1, 0, 0),
(7, 1, 1, '#FFFFBB', 1, 0, 0),
(8, 0, 1, '#FFDFDF', 1, 0, 0),
(9, 1, 1, '#FFD3D3', 1, 0, 0),
(10, 0, 1, 'lightblue', 1, 0, 0),
(11, 0, 0, 'lightblue', 1, 0, 0),
(12, 1, 1, '#DDEEFF', 1, 1, 0);

INSERT INTO `PREFIX_order_state_lang` (`id_order_state`, `id_lang`, `name`, `template`) VALUES
(1, 1, '等待支票付款', 'cheque'),
(2, 1, '确认付款', 'payment'),
(3, 1, '正在备货', 'preparation'),
(4, 1, '配送中', 'shipped'),
(5, 1, '已交付', ''),
(6, 1, '订单取消', 'order_canceled'),
(7, 1, '退款', 'refund'),
(8, 1, '支付出现错误', 'payment_error'),
(9, 1, '延期交货', 'outofstock'),
(10, 1, '等待银行电汇', 'bankwire'),
(11, 1, '等待PayPal付款', ''),
(12, 1, '远程接受付款', 'payment');

INSERT INTO `PREFIX_zone` (`id_zone`, `name`, `active`) VALUES
(1, 'Europe', 1),
(2, '北美', 1),
(3, '亚洲', 1),
(4, '非洲', 1),
(5, '澳洲', 1),
(6, '南美', 1),
(7, 'Europe (out E.U)', 1),
(8, 'Centrale America/Antilla', 1);

INSERT INTO `PREFIX_country` (`id_country`, `id_zone`, `iso_code`, `call_prefix`, `active`, `contains_states`, `need_identification_number`, `need_zip_code`, `zip_code_format`, `display_tax_label`) VALUES
(1, 1, 'DE', 49, 1, 0, 0, 1, 'NNNNN', 1),
(2, 1, 'AT', 43, 1, 0, 0, 1, 'NNNN', 1),
(3, 1, 'BE', 32, 1, 0, 0, 1, 'NNNN', 1),
(4, 2, 'CA', 1, 1, 1, 0, 1, 'LNL NLN', 0),
(5, 3, 'CN', 86, 1, 0, 0, 1, 'NNNNNN', 1),
(6, 1, 'ES', 34, 1, 0, 1, 1, 'NNNNN', 1),
(7, 1, 'FI', 358, 1, 0, 0, 1, 'NNNNN', 1),
(8, 1, 'FR', 33, 1, 0, 0, 1, 'NNNNN', 1),
(9, 1, 'GR', 30, 1, 0, 0, 1, 'NNNNN', 1),
(10, 1, 'IT', 39, 1, 1, 0, 1, 'NNNNN', 1),
(11, 3, 'JP', 81, 1, 1, 0, 1, 'NNN-NNNN', 1),
(12, 1, 'LU', 352, 1, 0, 0, 1, 'NNNN', 1),
(13, 1, 'NL', 31, 1, 0, 0, 1, 'NNNN LL', 1),
(14, 1, 'PL', 48, 1, 0, 0, 1, 'NN-NNN', 1),
(15, 1, 'PT', 351, 1, 0, 0, 1, 'NNNN NNN', 1),
(16, 1, 'CZ', 420, 1, 0, 0, 1, 'NNN NN', 1),
(17, 1, 'GB', 44, 1, 0, 0, 1, '', 1),
(18, 1, 'SE', 46, 1, 0, 0, 1, 'NNN NN', 1),
(19, 7, 'CH', 41, 1, 0, 0, 1, 'NNNN', 1),
(20, 1, 'DK', 45, 1, 0, 0, 1, 'NNNN', 1),
(21, 2, 'US', 1, 1, 1, 0, 1, 'NNNNN', 0),
(22, 3, 'HK', 852, 1, 0, 0, 0, '', 1),
(23, 7, 'NO', 47, 1, 0, 0, 1, 'NNNN', 1),
(24, 5, 'AU', 61, 1, 0, 0, 1, 'NNNN', 1),
(25, 3, 'SG', 65, 1, 0, 0, 1, 'NNNNNN', 1),
(26, 1, 'IE', 353, 1, 0, 0, 1, '', 1),
(27, 5, 'NZ', 64, 1, 0, 0, 1, 'NNNN', 1),
(28, 3, 'KR', 82, 1, 0, 0, 1, 'NNN-NNN', 1),
(29, 3, 'IL', 972, 1, 0, 0, 1, 'NNNNN', 1),
(30, 4, 'ZA', 27, 1, 0, 0, 1, 'NNNN', 1),
(31, 4, 'NG', 234, 1, 0, 0, 1, '', 1),
(32, 4, 'CI', 225, 1, 0, 0, 1, '', 1),
(33, 4, 'TG', 228, 1, 0, 0, 1, '', 1),
(34, 6, 'BO', 591, 1, 0, 0, 1, '', 1),
(35, 4, 'MU', 230, 1, 0, 0, 1, '', 1),
(36, 1, 'RO', 40, 1, 0, 0, 1, 'NNNNNN', 1),
(37, 1, 'SK', 421, 1, 0, 0, 1, 'NNN NN', 1),
(38, 4, 'DZ', 213, 1, 0, 0, 1, 'NNNNN', 1),
(39, 2, 'AS', 0, 1, 0, 0, 1, '', 1),
(40, 7, 'AD', 376, 1, 0, 0, 1, 'CNNN', 1),
(41, 4, 'AO', 244, 1, 0, 0, 0, '', 1),
(42, 8, 'AI', 0, 1, 0, 0, 1, '', 1),
(43, 2, 'AG', 0, 1, 0, 0, 1, '', 1),
(44, 6, 'AR', 54, 1, 1, 0, 1, 'LNNNN', 1),
(45, 3, 'AM', 374, 1, 0, 0, 1, 'NNNN', 1),
(46, 8, 'AW', 297, 1, 0, 0, 1, '', 1),
(47, 3, 'AZ', 994, 1, 0, 0, 1, 'CNNNN', 1),
(48, 2, 'BS', 0, 1, 0, 0, 1, '', 1),
(49, 3, 'BH', 973, 1, 0, 0, 1, '', 1),
(50, 3, 'BD', 880, 1, 0, 0, 1, 'NNNN', 1),
(51, 2, 'BB', 0, 1, 0, 0, 1, 'CNNNNN', 1),
(52, 7, 'BY', 0, 1, 0, 0, 1, 'NNNNNN', 1),
(53, 8, 'BZ', 501, 1, 0, 0, 0, '', 1),
(54, 4, 'BJ', 229, 1, 0, 0, 0, '', 1),
(55, 2, 'BM', 0, 1, 0, 0, 1, '', 1),
(56, 3, 'BT', 975, 1, 0, 0, 1, '', 1),
(57, 4, 'BW', 267, 1, 0, 0, 1, '', 1),
(58, 6, 'BR', 55, 1, 0, 0, 1, 'NNNNN-NNN', 1),
(59, 3, 'BN', 673, 1, 0, 0, 1, 'LLNNNN', 1),
(60, 4, 'BF', 226, 1, 0, 0, 1, '', 1),
(61, 3, 'MM', 95, 1, 0, 0, 1, '', 1),
(62, 4, 'BI', 257, 1, 0, 0, 1, '', 1),
(63, 3, 'KH', 855, 1, 0, 0, 1, 'NNNNN', 1),
(64, 4, 'CM', 237, 1, 0, 0, 1, '', 1),
(65, 4, 'CV', 238, 1, 0, 0, 1, 'NNNN', 1),
(66, 4, 'CF', 236, 1, 0, 0, 1, '', 1),
(67, 4, 'TD', 235, 1, 0, 0, 1, '', 1),
(68, 6, 'CL', 56, 1, 0, 0, 1, 'NNN-NNNN', 1),
(69, 6, 'CO', 57, 1, 0, 0, 1, 'NNNNNN', 1),
(70, 4, 'KM', 269, 1, 0, 0, 1, '', 1),
(71, 4, 'CD', 242, 1, 0, 0, 1, '', 1),
(72, 4, 'CG', 243, 1, 0, 0, 1, '', 1),
(73, 8, 'CR', 506, 1, 0, 0, 1, 'NNNNN', 1),
(74, 7, 'HR', 385, 1, 0, 0, 1, 'NNNNN', 1),
(75, 8, 'CU', 53, 1, 0, 0, 1, '', 1),
(76, 1, 'CY', 357, 1, 0, 0, 1, 'NNNN', 1),
(77, 4, 'DJ', 253, 1, 0, 0, 1, '', 1),
(78, 8, 'DM', 0, 1, 0, 0, 1, '', 1),
(79, 8, 'DO', 0, 1, 0, 0, 1, '', 1),
(80, 3, 'TL', 670, 1, 0, 0, 1, '', 1),
(81, 6, 'EC', 593, 1, 0, 0, 1, 'CNNNNNN', 1),
(82, 4, 'EG', 20, 1, 0, 0, 0, '', 1),
(83, 8, 'SV', 503, 1, 0, 0, 1, '', 1),
(84, 4, 'GQ', 240, 1, 0, 0, 1, '', 1),
(85, 4, 'ER', 291, 1, 0, 0, 1, '', 1),
(86, 1, 'EE', 372, 1, 0, 0, 1, 'NNNNN', 1),
(87, 4, 'ET', 251, 1, 0, 0, 1, '', 1),
(88, 8, 'FK', 0, 1, 0, 0, 1, 'LLLL NLL', 1),
(89, 7, 'FO', 298, 1, 0, 0, 1, '', 1),
(90, 5, 'FJ', 679, 1, 0, 0, 1, '', 1),
(91, 4, 'GA', 241, 1, 0, 0, 1, '', 1),
(92, 4, 'GM', 220, 1, 0, 0, 1, '', 1),
(93, 3, 'GE', 995, 1, 0, 0, 1, 'NNNN', 1),
(94, 4, 'GH', 233, 1, 0, 0, 1, '', 1),
(95, 8, 'GD', 0, 1, 0, 0, 1, '', 1),
(96, 7, 'GL', 299, 1, 0, 0, 1, '', 1),
(97, 7, 'GI', 350, 1, 0, 0, 1, '', 1),
(98, 8, 'GP', 590, 1, 0, 0, 1, '', 1),
(99, 5, 'GU', 0, 1, 0, 0, 1, '', 1),
(100, 8, 'GT', 502, 1, 0, 0, 1, '', 1),
(101, 7, 'GG', 0, 1, 0, 0, 1, 'LLN NLL', 1),
(102, 4, 'GN', 224, 1, 0, 0, 1, '', 1),
(103, 4, 'GW', 245, 1, 0, 0, 1, '', 1),
(104, 6, 'GY', 592, 1, 0, 0, 1, '', 1),
(105, 8, 'HT', 509, 1, 0, 0, 1, '', 1),
(106, 5, 'HM', 0, 1, 0, 0, 1, '', 1),
(107, 7, 'VA', 379, 1, 0, 0, 1, 'NNNNN', 1),
(108, 8, 'HN', 504, 1, 0, 0, 1, '', 1),
(109, 7, 'IS', 354, 1, 0, 0, 1, 'NNN', 1),
(110, 3, 'IN', 91, 1, 0, 0, 1, 'NNN NNN', 1),
(111, 3, 'ID', 62, 1, 1, 0, 1, 'NNNNN', 1),
(112, 3, 'IR', 98, 1, 0, 0, 1, 'NNNNN-NNNNN', 1),
(113, 3, 'IQ', 964, 1, 0, 0, 1, 'NNNNN', 1),
(114, 7, 'IM', 0, 1, 0, 0, 1, 'CN NLL', 1),
(115, 8, 'JM', 0, 1, 0, 0, 1, '', 1),
(116, 7, 'JE', 0, 1, 0, 0, 1, 'CN NLL', 1),
(117, 3, 'JO', 962, 1, 0, 0, 1, '', 1),
(118, 3, 'KZ', 7, 1, 0, 0, 1, 'NNNNNN', 1),
(119, 4, 'KE', 254, 1, 0, 0, 1, '', 1),
(120, 5, 'KI', 686, 1, 0, 0, 1, '', 1),
(121, 3, 'KP', 850, 1, 0, 0, 1, '', 1),
(122, 3, 'KW', 965, 1, 0, 0, 1, '', 1),
(123, 3, 'KG', 996, 1, 0, 0, 1, '', 1),
(124, 3, 'LA', 856, 1, 0, 0, 1, '', 1),
(125, 1, 'LV', 371, 1, 0, 0, 1, 'C-NNNN', 1),
(126, 3, 'LB', 961, 1, 0, 0, 1, '', 1),
(127, 4, 'LS', 266, 1, 0, 0, 1, '', 1),
(128, 4, 'LR', 231, 1, 0, 0, 1, '', 1),
(129, 4, 'LY', 218, 1, 0, 0, 1, '', 1),
(130, 1, 'LI', 423, 1, 0, 0, 1, 'NNNN', 1),
(131, 1, 'LT', 370, 1, 0, 0, 1, 'NNNNN', 1),
(132, 3, 'MO', 853, 1, 0, 0, 0, '', 1),
(133, 7, 'MK', 389, 1, 0, 0, 1, '', 1),
(134, 4, 'MG', 261, 1, 0, 0, 1, '', 1),
(135, 4, 'MW', 265, 1, 0, 0, 1, '', 1),
(136, 3, 'MY', 60, 1, 0, 0, 1, 'NNNNN', 1),
(137, 3, 'MV', 960, 1, 0, 0, 1, '', 1),
(138, 4, 'ML', 223, 1, 0, 0, 1, '', 1),
(139, 1, 'MT', 356, 1, 0, 0, 1, 'LLL NNNN', 1),
(140, 5, 'MH', 692, 1, 0, 0, 1, '', 1),
(141, 8, 'MQ', 596, 1, 0, 0, 1, '', 1),
(142, 4, 'MR', 222, 1, 0, 0, 1, '', 1),
(143, 1, 'HU', 36, 1, 0, 0, 1, 'NNNN', 1),
(144, 4, 'YT', 262, 1, 0, 0, 1, '', 1),
(145, 2, 'MX', 52, 1, 1, 1, 1, 'NNNNN', 1),
(146, 5, 'FM', 691, 1, 0, 0, 1, '', 1),
(147, 7, 'MD', 373, 1, 0, 0, 1, 'C-NNNN', 1),
(148, 7, 'MC', 377, 1, 0, 0, 1, 'NNNNN', 1),
(149, 3, 'MN', 976, 1, 0, 0, 1, '', 1),
(150, 7, 'ME', 382, 1, 0, 0, 1, 'NNNNN', 1),
(151, 8, 'MS', 0, 1, 0, 0, 1, '', 1),
(152, 4, 'MA', 212, 1, 0, 0, 1, 'NNNNN', 1),
(153, 4, 'MZ', 258, 1, 0, 0, 1, '', 1),
(154, 4, 'NA', 264, 1, 0, 0, 1, '', 1),
(155, 5, 'NR', 674, 1, 0, 0, 1, '', 1),
(156, 3, 'NP', 977, 1, 0, 0, 1, '', 1),
(157, 8, 'AN', 599, 1, 0, 0, 1, '', 1),
(158, 5, 'NC', 687, 1, 0, 0, 1, '', 1),
(159, 8, 'NI', 505, 1, 0, 0, 1, 'NNNNNN', 1),
(160, 4, 'NE', 227, 1, 0, 0, 1, '', 1),
(161, 5, 'NU', 683, 1, 0, 0, 1, '', 1),
(162, 5, 'NF', 0, 1, 0, 0, 1, '', 1),
(163, 5, 'MP', 0, 1, 0, 0, 1, '', 1),
(164, 3, 'OM', 968, 1, 0, 0, 1, '', 1),
(165, 3, 'PK', 92, 1, 0, 0, 1, '', 1),
(166, 5, 'PW', 680, 1, 0, 0, 1, '', 1),
(167, 3, 'PS', 0, 1, 0, 0, 1, '', 1),
(168, 8, 'PA', 507, 1, 0, 0, 1, 'NNNNNN', 1),
(169, 5, 'PG', 675, 1, 0, 0, 1, '', 1),
(170, 6, 'PY', 595, 1, 0, 0, 1, '', 1),
(171, 6, 'PE', 51, 1, 0, 0, 1, '', 1),
(172, 3, 'PH', 63, 1, 0, 0, 1, 'NNNN', 1),
(173, 5, 'PN', 0, 1, 0, 0, 1, 'LLLL NLL', 1),
(174, 8, 'PR', 0, 1, 0, 0, 1, 'NNNNN', 1),
(175, 3, 'QA', 974, 1, 0, 0, 1, '', 1),
(176, 4, 'RE', 262, 1, 0, 0, 1, '', 1),
(177, 7, 'RU', 7, 1, 0, 0, 1, 'NNNNNN', 1),
(178, 4, 'RW', 250, 1, 0, 0, 1, '', 1),
(179, 8, 'BL', 0, 1, 0, 0, 1, '', 1),
(180, 8, 'KN', 0, 1, 0, 0, 1, '', 1),
(181, 8, 'LC', 0, 1, 0, 0, 1, '', 1),
(182, 8, 'MF', 0, 1, 0, 0, 1, '', 1),
(183, 8, 'PM', 508, 1, 0, 0, 1, '', 1),
(184, 8, 'VC', 0, 1, 0, 0, 1, '', 1),
(185, 5, 'WS', 685, 1, 0, 0, 1, '', 1),
(186, 7, 'SM', 378, 1, 0, 0, 1, 'NNNNN', 1),
(187, 4, 'ST', 239, 1, 0, 0, 1, '', 1),
(188, 3, 'SA', 966, 1, 0, 0, 1, '', 1),
(189, 4, 'SN', 221, 1, 0, 0, 1, '', 1),
(190, 7, 'RS', 381, 1, 0, 0, 1, 'NNNNN', 1),
(191, 4, 'SC', 248, 1, 0, 0, 1, '', 1),
(192, 4, 'SL', 232, 1, 0, 0, 1, '', 1),
(193, 1, 'SI', 386, 1, 0, 0, 1, 'C-NNNN', 1),
(194, 5, 'SB', 677, 1, 0, 0, 1, '', 1),
(195, 4, 'SO', 252, 1, 0, 0, 1, '', 1),
(196, 8, 'GS', 0, 1, 0, 0, 1, 'LLLL NLL', 1),
(197, 3, 'LK', 94, 1, 0, 0, 1, 'NNNNN', 1),
(198, 4, 'SD', 249, 1, 0, 0, 1, '', 1),
(199, 8, 'SR', 597, 1, 0, 0, 1, '', 1),
(200, 7, 'SJ', 0, 1, 0, 0, 1, '', 1),
(201, 4, 'SZ', 268, 1, 0, 0, 1, '', 1),
(202, 3, 'SY', 963, 1, 0, 0, 1, '', 1),
(203, 3, 'TW', 886, 1, 0, 0, 1, 'NNNNN', 1),
(204, 3, 'TJ', 992, 1, 0, 0, 1, '', 1),
(205, 4, 'TZ', 255, 1, 0, 0, 1, '', 1),
(206, 3, 'TH', 66, 1, 0, 0, 1, 'NNNNN', 1),
(207, 5, 'TK', 690, 1, 0, 0, 1, '', 1),
(208, 5, 'TO', 676, 1, 0, 0, 1, '', 1),
(209, 6, 'TT', 0, 1, 0, 0, 1, '', 1),
(210, 4, 'TN', 216, 1, 0, 0, 1, '', 1),
(211, 7, 'TR', 90, 1, 0, 0, 1, 'NNNNN', 1),
(212, 3, 'TM', 993, 1, 0, 0, 1, '', 1),
(213, 8, 'TC', 0, 1, 0, 0, 1, 'LLLL NLL', 1),
(214, 5, 'TV', 688, 1, 0, 0, 1, '', 1),
(215, 4, 'UG', 256, 1, 0, 0, 1, '', 1),
(216, 1, 'UA', 380, 1, 0, 0, 1, 'NNNNN', 1),
(217, 3, 'AE', 971, 1, 0, 0, 1, '', 1),
(218, 6, 'UY', 598, 1, 0, 0, 1, '', 1),
(219, 3, 'UZ', 998, 1, 0, 0, 1, '', 1),
(220, 5, 'VU', 678, 1, 0, 0, 1, '', 1),
(221, 6, 'VE', 58, 1, 0, 0, 1, '', 1),
(222, 3, 'VN', 84, 1, 0, 0, 1, 'NNNNNN', 1),
(223, 2, 'VG', 0, 1, 0, 0, 1, 'CNNNN', 1),
(224, 2, 'VI', 0, 1, 0, 0, 1, '', 1),
(225, 5, 'WF', 681, 1, 0, 0, 1, '', 1),
(226, 4, 'EH', 0, 1, 0, 0, 1, '', 1),
(227, 3, 'YE', 967, 1, 0, 0, 1, '', 1),
(228, 4, 'ZM', 260, 1, 0, 0, 1, '', 1),
(229, 4, 'ZW', 263, 1, 0, 0, 1, '', 1),
(230, 7, 'AL', 355, 1, 0, 0, 1, 'NNNN', 1),
(231, 3, 'AF', 93, 1, 0, 0, 0, '', 1),
(232, 5, 'AQ', 0, 1, 0, 0, 1, '', 1),
(233, 1, 'BA', 387, 1, 0, 0, 1, '', 1),
(234, 5, 'BV', 0, 1, 0, 0, 1, '', 1),
(235, 5, 'IO', 0, 1, 0, 0, 1, 'LLLL NLL', 1),
(236, 1, 'BG', 359, 1, 0, 0, 1, 'NNNN', 1),
(237, 8, 'KY', 0, 1, 0, 0, 1, '', 1),
(238, 3, 'CX', 0, 1, 0, 0, 1, '', 1),
(239, 3, 'CC', 0, 1, 0, 0, 1, '', 1),
(240, 5, 'CK', 682, 1, 0, 0, 1, '', 1),
(241, 6, 'GF', 594, 1, 0, 0, 1, '', 1),
(242, 5, 'PF', 689, 1, 0, 0, 1, '', 1),
(243, 5, 'TF', 0, 1, 0, 0, 1, '', 1),
(244, 7, 'AX', 0, 1, 0, 0, 1, 'NNNNN', 1);

INSERT INTO `PREFIX_country_lang` (`id_country`, `id_lang`, `name`) VALUES
(1, 1, 'Germany'),
(2, 1, 'Austria'),
(3, 1, 'Belgium'),
(4, 1, 'Canada'),
(5, 1, 'China'),
(6, 1, 'Spain'),
(7, 1, 'Finland'),
(8, 1, 'France'),
(9, 1, 'Greece'),
(10, 1, 'Italy'),
(11, 1, 'Japan'),
(12, 1, 'Luxemburg'),
(13, 1, 'Netherlands'),
(14, 1, 'Poland'),
(15, 1, 'Portugal'),
(16, 1, 'Czech Republic'),
(17, 1, 'United Kingdom'),
(18, 1, 'Sweden'),
(19, 1, 'Switzerland'),
(20, 1, 'Denmark'),
(21, 1, 'United States'),
(22, 1, 'HongKong'),
(23, 1, 'Norway'),
(24, 1, 'Australia'),
(25, 1, 'Singapore'),
(26, 1, 'Ireland'),
(27, 1, 'New Zealand'),
(28, 1, 'South Korea'),
(29, 1, 'Israel'),
(30, 1, 'South Africa'),
(31, 1, 'Nigeria'),
(32, 1, 'Ivory Coast'),
(33, 1, 'Togo'),
(34, 1, 'Bolivia'),
(35, 1, 'Mauritius'),
(36, 1, 'Romania'),
(37, 1, 'Slovakia'),
(38, 1, 'Algeria'),
(39, 1, 'American Samoa'),
(40, 1, 'Andorra'),
(41, 1, 'Angola'),
(42, 1, 'Anguilla'),
(43, 1, 'Antigua and Barbuda'),
(44, 1, 'Argentina'),
(45, 1, 'Armenia'),
(46, 1, 'Aruba'),
(47, 1, 'Azerbaijan'),
(48, 1, 'Bahamas'),
(49, 1, 'Bahrain'),
(50, 1, 'Bangladesh'),
(51, 1, 'Barbados'),
(52, 1, 'Belarus'),
(53, 1, 'Belize'),
(54, 1, 'Benin'),
(55, 1, 'Bermuda'),
(56, 1, 'Bhutan'),
(57, 1, 'Botswana'),
(58, 1, 'Brazil'),
(59, 1, 'Brunei'),
(60, 1, 'Burkina Faso'),
(61, 1, 'Burma (Myanmar)'),
(62, 1, 'Burundi'),
(63, 1, 'Cambodia'),
(64, 1, 'Cameroon'),
(65, 1, 'Cape Verde'),
(66, 1, 'Central African Republic'),
(67, 1, 'Chad'),
(68, 1, 'Chile'),
(69, 1, 'Colombia'),
(70, 1, 'Comoros'),
(71, 1, 'Congo, Dem. Republic'),
(72, 1, 'Congo, Republic'),
(73, 1, 'Costa Rica'),
(74, 1, 'Croatia'),
(75, 1, 'Cuba'),
(76, 1, 'Cyprus'),
(77, 1, 'Djibouti'),
(78, 1, 'Dominica'),
(79, 1, 'Dominican Republic'),
(80, 1, 'East Timor'),
(81, 1, 'Ecuador'),
(82, 1, 'Egypt'),
(83, 1, 'El Salvador'),
(84, 1, 'Equatorial Guinea'),
(85, 1, 'Eritrea'),
(86, 1, 'Estonia'),
(87, 1, 'Ethiopia'),
(88, 1, 'Falkland Islands'),
(89, 1, 'Faroe Islands'),
(90, 1, 'Fiji'),
(91, 1, 'Gabon'),
(92, 1, 'Gambia'),
(93, 1, 'Georgia'),
(94, 1, 'Ghana'),
(95, 1, 'Grenada'),
(96, 1, 'Greenland'),
(97, 1, 'Gibraltar'),
(98, 1, 'Guadeloupe'),
(99, 1, 'Guam'),
(100, 1, 'Guatemala'),
(101, 1, 'Guernsey'),
(102, 1, 'Guinea'),
(103, 1, 'Guinea-Bissau'),
(104, 1, 'Guyana'),
(105, 1, 'Haiti'),
(106, 1, 'Heard Island and McDonald Islands'),
(107, 1, 'Vatican City State'),
(108, 1, 'Honduras'),
(109, 1, 'Iceland'),
(110, 1, 'India'),
(111, 1, 'Indonesia'),
(112, 1, 'Iran'),
(113, 1, 'Iraq'),
(114, 1, 'Man Island'),
(115, 1, 'Jamaica'),
(116, 1, 'Jersey'),
(117, 1, 'Jordan'),
(118, 1, 'Kazakhstan'),
(119, 1, 'Kenya'),
(120, 1, 'Kiribati'),
(121, 1, 'Korea, Dem. Republic of'),
(122, 1, 'Kuwait'),
(123, 1, 'Kyrgyzstan'),
(124, 1, 'Laos'),
(125, 1, 'Latvia'),
(126, 1, 'Lebanon'),
(127, 1, 'Lesotho'),
(128, 1, 'Liberia'),
(129, 1, 'Libya'),
(130, 1, 'Liechtenstein'),
(131, 1, 'Lithuania'),
(132, 1, 'Macau'),
(133, 1, 'Macedonia'),
(134, 1, 'Madagascar'),
(135, 1, 'Malawi'),
(136, 1, 'Malaysia'),
(137, 1, 'Maldives'),
(138, 1, 'Mali'),
(139, 1, 'Malta'),
(140, 1, 'Marshall Islands'),
(141, 1, 'Martinique'),
(142, 1, 'Mauritania'),
(143, 1, 'Hungary'),
(144, 1, 'Mayotte'),
(145, 1, 'Mexico'),
(146, 1, 'Micronesia'),
(147, 1, 'Moldova'),
(148, 1, 'Monaco'),
(149, 1, 'Mongolia'),
(150, 1, 'Montenegro'),
(151, 1, 'Montserrat'),
(152, 1, 'Morocco'),
(153, 1, 'Mozambique'),
(154, 1, 'Namibia'),
(155, 1, 'Nauru'),
(156, 1, 'Nepal'),
(157, 1, 'Netherlands Antilles'),
(158, 1, 'New Caledonia'),
(159, 1, 'Nicaragua'),
(160, 1, 'Niger'),
(161, 1, 'Niue'),
(162, 1, 'Norfolk Island'),
(163, 1, 'Northern Mariana Islands'),
(164, 1, 'Oman'),
(165, 1, 'Pakistan'),
(166, 1, 'Palau'),
(167, 1, 'Palestinian Territories'),
(168, 1, 'Panama'),
(169, 1, 'Papua New Guinea'),
(170, 1, 'Paraguay'),
(171, 1, 'Peru'),
(172, 1, 'Philippines'),
(173, 1, 'Pitcairn'),
(174, 1, 'Puerto Rico'),
(175, 1, 'Qatar'),
(176, 1, 'Reunion Island'),
(177, 1, 'Russian Federation'),
(178, 1, 'Rwanda'),
(179, 1, 'Saint Barthelemy'),
(180, 1, 'Saint Kitts and Nevis'),
(181, 1, 'Saint Lucia'),
(182, 1, 'Saint Martin'),
(183, 1, 'Saint Pierre and Miquelon'),
(184, 1, 'Saint Vincent and the Grenadines'),
(185, 1, 'Samoa'),
(186, 1, 'San Marino'),
(187, 1, 'São Tomé and Príncipe'),
(188, 1, 'Saudi Arabia'),
(189, 1, 'Senegal'),
(190, 1, 'Serbia'),
(191, 1, 'Seychelles'),
(192, 1, 'Sierra Leone'),
(193, 1, 'Slovenia'),
(194, 1, 'Solomon Islands'),
(195, 1, 'Somalia'),
(196, 1, 'South Georgia and the South Sandwich Islands'),
(197, 1, 'Sri Lanka'),
(198, 1, 'Sudan'),
(199, 1, 'Suriname'),
(200, 1, 'Svalbard and Jan Mayen'),
(201, 1, 'Swaziland'),
(202, 1, 'Syria'),
(203, 1, 'Taiwan'),
(204, 1, 'Tajikistan'),
(205, 1, 'Tanzania'),
(206, 1, 'Thailand'),
(207, 1, 'Tokelau'),
(208, 1, 'Tonga'),
(209, 1, 'Trinidad and Tobago'),
(210, 1, 'Tunisia'),
(211, 1, 'Turkey'),
(212, 1, 'Turkmenistan'),
(213, 1, 'Turks and Caicos Islands'),
(214, 1, 'Tuvalu'),
(215, 1, 'Uganda'),
(216, 1, 'Ukraine'),
(217, 1, 'United Arab Emirates'),
(218, 1, 'Uruguay'),
(219, 1, 'Uzbekistan'),
(220, 1, 'Vanuatu'),
(221, 1, 'Venezuela'),
(222, 1, 'Vietnam'),
(223, 1, 'Virgin Islands (British)'),
(224, 1, 'Virgin Islands (U.S.)'),
(225, 1, 'Wallis and Futuna'),
(226, 1, 'Western Sahara'),
(227, 1, 'Yemen'),
(228, 1, 'Zambia'),
(229, 1, 'Zimbabwe'),
(230, 1, 'Albania'),
(231, 1, 'Afghanistan'),
(232, 1, 'Antarctica'),
(233, 1, 'Bosnia and Herzegovina'),
(234, 1, 'Bouvet Island'),
(235, 1, 'British Indian Ocean Territory'),
(236, 1, 'Bulgaria'),
(237, 1, 'Cayman Islands'),
(238, 1, 'Christmas Island'),
(239, 1, 'Cocos (Keeling) Islands'),
(240, 1, 'Cook Islands'),
(241, 1, 'French Guiana'),
(242, 1, 'French Polynesia'),
(243, 1, 'French Southern Territories'),
(244, 1, 'Åland Islands');

INSERT IGNORE INTO `PREFIX_country_lang` (`id_country`, `id_lang`, `name`)
    (SELECT `id_country`, id_lang, (SELECT tl.`name`
        FROM `PREFIX_country_lang` tl
        WHERE tl.`id_lang` = (SELECT c.`value`
            FROM `PREFIX_configuration` c
            WHERE c.`name` = 'PS_LANG_DEFAULT' LIMIT 1) AND tl.`id_country`=`PREFIX_country`.`id_country`)
    FROM `PREFIX_lang` CROSS JOIN `PREFIX_country`);

/*美国 INSERT INTO `PREFIX_state` (`id_state`, `id_country`, `id_zone`, `name`, `iso_code`, `active`) VALUES
(1, 21, 2, 'Alabama', 'AL', 1),
(2, 21, 2, 'Alaska', 'AK', 1),
(3, 21, 2, 'Arizona', 'AZ', 1),
(4, 21, 2, 'Arkansas', 'AR', 1),
(5, 21, 2, 'California', 'CA', 1),
(6, 21, 2, 'Colorado', 'CO', 1),
(7, 21, 2, 'Connecticut', 'CT', 1),
(8, 21, 2, 'Delaware', 'DE', 1),
(9, 21, 2, 'Florida', 'FL', 1),
(10, 21, 2, 'Georgia', 'GA', 1),
(11, 21, 2, 'Hawaii', 'HI', 1),
(12, 21, 2, 'Idaho', 'ID', 1),
(13, 21, 2, 'Illinois', 'IL', 1),
(14, 21, 2, 'Indiana', 'IN', 1),
(15, 21, 2, 'Iowa', 'IA', 1),
(16, 21, 2, 'Kansas', 'KS', 1),
(17, 21, 2, 'Kentucky', 'KY', 1),
(18, 21, 2, 'Louisiana', 'LA', 1),
(19, 21, 2, 'Maine', 'ME', 1),
(20, 21, 2, 'Maryland', 'MD', 1),
(21, 21, 2, 'Massachusetts', 'MA', 1),
(22, 21, 2, 'Michigan', 'MI', 1),
(23, 21, 2, 'Minnesota', 'MN', 1),
(24, 21, 2, 'Mississippi', 'MS', 1),
(25, 21, 2, 'Missouri', 'MO', 1),
(26, 21, 2, 'Montana', 'MT', 1),
(27, 21, 2, 'Nebraska', 'NE', 1),
(28, 21, 2, 'Nevada', 'NV', 1),
(29, 21, 2, 'New Hampshire', 'NH', 1),
(30, 21, 2, 'New Jersey', 'NJ', 1),
(31, 21, 2, 'New Mexico', 'NM', 1),
(32, 21, 2, 'New York', 'NY', 1),
(33, 21, 2, 'North Carolina', 'NC', 1),
(34, 21, 2, 'North Dakota', 'ND', 1),
(35, 21, 2, 'Ohio', 'OH', 1),
(36, 21, 2, 'Oklahoma', 'OK', 1),
(37, 21, 2, 'Oregon', 'OR', 1),
(38, 21, 2, 'Pennsylvania', 'PA', 1),
(39, 21, 2, 'Rhode Island', 'RI', 1),
(40, 21, 2, 'South Carolina', 'SC', 1),
(41, 21, 2, 'South Dakota', 'SD', 1),
(42, 21, 2, 'Tennessee', 'TN', 1),
(43, 21, 2, 'Texas', 'TX', 1),
(44, 21, 2, 'Utah', 'UT', 1),
(45, 21, 2, 'Vermont', 'VT', 1),
(46, 21, 2, 'Virginia', 'VA', 1),
(47, 21, 2, 'Washington', 'WA', 1),
(48, 21, 2, 'West Virginia', 'WV', 1),
(49, 21, 2, 'Wisconsin', 'WI', 1),
(50, 21, 2, 'Wyoming', 'WY', 1),
(51, 21, 2, 'Puerto Rico', 'PR', 1),
(52, 21, 2, 'US Virgin Islands', 'VI', 1),
(53, 21, 2, 'District of Columbia', 'DC', 1); */

/*墨西哥 INSERT INTO `PREFIX_state` (`id_country`, `id_zone`, `name`, `iso_code`, `tax_behavior`, `active`) VALUES
(145, 2, 'Aguascalientes', 'AGS', 0, 1),
(145, 2, 'Baja California', 'BCN', 0, 1),
(145, 2, 'Baja California Sur', 'BCS', 0, 1),
(145, 2, 'Campeche', 'CAM', 0, 1),
(145, 2, 'Chiapas', 'CHP', 0, 1),
(145, 2, 'Chihuahua', 'CHH', 0, 1),
(145, 2, 'Coahuila', 'COA', 0, 1),
(145, 2, 'Colima', 'COL', 0, 1),
(145, 2, 'Distrito Federal', 'DIF', 0, 1),
(145, 2, 'Durango', 'DUR', 0, 1),
(145, 2, 'Guanajuato', 'GUA', 0, 1),
(145, 2, 'Guerrero', 'GRO', 0, 1),
(145, 2, 'Hidalgo', 'HID', 0, 1),
(145, 2, 'Jalisco', 'JAL', 0, 1),
(145, 2, 'Estado de México', 'MEX', 0, 1),
(145, 2, 'Michoacán', 'MIC', 0, 1),
(145, 2, 'Morelos', 'MOR', 0, 1),
(145, 2, 'Nayarit', 'NAY', 0, 1),
(145, 2, 'Nuevo León', 'NLE', 0, 1),
(145, 2, 'Oaxaca', 'OAX', 0, 1),
(145, 2, 'Puebla', 'PUE', 0, 1),
(145, 2, 'Querétaro', 'QUE', 0, 1),
(145, 2, 'Quintana Roo', 'ROO', 0, 1),
(145, 2, 'San Luis Potosí', 'SLP', 0, 1),
(145, 2, 'Sinaloa', 'SIN', 0, 1),
(145, 2, 'Sonora', 'SON', 0, 1),
(145, 2, 'Tabasco', 'TAB', 0, 1),
(145, 2, 'Tamaulipas', 'TAM', 0, 1),
(145, 2, 'Tlaxcala', 'TLA', 0, 1),
(145, 2, 'Veracruz', 'VER', 0, 1),
(145, 2, 'Yucatán', 'YUC', 0, 1),
(145, 2, 'Zacatecas', 'ZAC', 0, 1); */

/*加拿大 INSERT INTO `PREFIX_state` (`id_country`, `id_zone`, `name`, `iso_code`, `active`) VALUES
(4, 2, 'Ontario', 'ON', 1),
(4, 2, 'Quebec', 'QC', 1),
(4, 2, 'British Columbia', 'BC', 1),
(4, 2, 'Alberta', 'AB', 1),
(4, 2, 'Manitoba', 'MB', 1),
(4, 2, 'Saskatchewan', 'SK', 1),
(4, 2, 'Nova Scotia', 'NS', 1),
(4, 2, 'New Brunswick', 'NB', 1),
(4, 2, 'Newfoundland and Labrador', 'NL', 1),
(4, 2, 'Prince Edward Island', 'PE', 1),
(4, 2, 'Northwest Territories', 'NT', 1),
(4, 2, 'Yukon', 'YT', 1),
(4, 2, 'Nunavut', 'NU', 1); */

/*阿根廷 INSERT INTO `PREFIX_state` (`id_country`, `id_zone`, `name`, `iso_code`, `active`) VALUES
(44, 6, 'Buenos Aires', 'B', 1),
(44, 6, 'Catamarca', 'K', 1),
(44, 6, 'Chaco', 'H', 1),
(44, 6, 'Chubut', 'U', 1),
(44, 6, 'Ciudad de Buenos Aires', 'C', 1),
(44, 6, 'Córdoba', 'X', 1),
(44, 6, 'Corrientes', 'W', 1),
(44, 6, 'Entre Ríos', 'E', 1),
(44, 6, 'Formosa', 'P', 1),
(44, 6, 'Jujuy', 'Y', 1),
(44, 6, 'La Pampa', 'L', 1),
(44, 6, 'La Rioja', 'F', 1),
(44, 6, 'Mendoza', 'M', 1),
(44, 6, 'Misiones', 'N', 1),
(44, 6, 'Neuquén', 'Q', 1),
(44, 6, 'Río Negro', 'R', 1),
(44, 6, 'Salta', 'A', 1),
(44, 6, 'San Juan', 'J', 1),
(44, 6, 'San Luis', 'D', 1),
(44, 6, 'Santa Cruz', 'Z', 1),
(44, 6, 'Santa Fe', 'S', 1),
(44, 6, 'Santiago del Estero', 'G', 1),
(44, 6, 'Tierra del Fuego', 'V', 1),
(44, 6, 'Tucumán', 'T', 1); */

/*意大利 INSERT INTO `PREFIX_state` (`id_country`, `id_zone`, `name`, `iso_code`, `tax_behavior`, `active`) VALUES
(10, 1, 'Agrigento', 'AG', 0, 1),
(10, 1, 'Alessandria', 'AL', 0, 1),
(10, 1, 'Ancona', 'AN', 0, 1),
(10, 1, 'Aosta', 'AO', 0, 1),
(10, 1, 'Arezzo', 'AR', 0, 1),
(10, 1, 'Ascoli Piceno', 'AP', 0, 1),
(10, 1, 'Asti', 'AT', 0, 1),
(10, 1, 'Avellino', 'AV', 0, 1),
(10, 1, 'Bari', 'BA', 0, 1),
(10, 1, 'Barletta-Andria-Trani', 'BT', 0, 1),
(10, 1, 'Belluno', 'BL', 0, 1),
(10, 1, 'Benevento', 'BN', 0, 1),
(10, 1, 'Bergamo', 'BG', 0, 1),
(10, 1, 'Biella', 'BI', 0, 1),
(10, 1, 'Bologna', 'BO', 0, 1),
(10, 1, 'Bolzano', 'BZ', 0, 1),
(10, 1, 'Brescia', 'BS', 0, 1),
(10, 1, 'Brindisi', 'BR', 0, 1),
(10, 1, 'Cagliari', 'CA', 0, 1),
(10, 1, 'Caltanissetta', 'CL', 0, 1),
(10, 1, 'Campobasso', 'CB', 0, 1),
(10, 1, 'Carbonia-Iglesias', 'CI', 0, 1),
(10, 1, 'Caserta', 'CE', 0, 1),
(10, 1, 'Catania', 'CT', 0, 1),
(10, 1, 'Catanzaro', 'CZ', 0, 1),
(10, 1, 'Chieti', 'CH', 0, 1),
(10, 1, 'Como', 'CO', 0, 1),
(10, 1, 'Cosenza', 'CS', 0, 1),
(10, 1, 'Cremona', 'CR', 0, 1),
(10, 1, 'Crotone', 'KR', 0, 1),
(10, 1, 'Cuneo', 'CN', 0, 1),
(10, 1, 'Enna', 'EN', 0, 1),
(10, 1, 'Fermo', 'FM', 0, 1),
(10, 1, 'Ferrara', 'FE', 0, 1),
(10, 1, 'Firenze', 'FI', 0, 1),
(10, 1, 'Foggia', 'FG', 0, 1),
(10, 1, 'Forlì-Cesena', 'FC', 0, 1),
(10, 1, 'Frosinone', 'FR', 0, 1),
(10, 1, 'Genova', 'GE', 0, 1),
(10, 1, 'Gorizia', 'GO', 0, 1),
(10, 1, 'Grosseto', 'GR', 0, 1),
(10, 1, 'Imperia', 'IM', 0, 1),
(10, 1, 'Isernia', 'IS', 0, 1),
(10, 1, 'L\'Aquila', 'AQ', 0, 1),
(10, 1, 'La Spezia', 'SP', 0, 1),
(10, 1, 'Latina', 'LT', 0, 1),
(10, 1, 'Lecce', 'LE', 0, 1),
(10, 1, 'Lecco', 'LC', 0, 1),
(10, 1, 'Livorno', 'LI', 0, 1),
(10, 1, 'Lodi', 'LO', 0, 1),
(10, 1, 'Lucca', 'LU', 0, 1),
(10, 1, 'Macerata', 'MC', 0, 1),
(10, 1, 'Mantova', 'MN', 0, 1),
(10, 1, 'Massa', 'MS', 0, 1),
(10, 1, 'Matera', 'MT', 0, 1),
(10, 1, 'Medio Campidano', 'VS', 0, 1),
(10, 1, 'Messina', 'ME', 0, 1),
(10, 1, 'Milano', 'MI', 0, 1),
(10, 1, 'Modena', 'MO', 0, 1),
(10, 1, 'Monza e della Brianza', 'MB', 0, 1),
(10, 1, 'Napoli', 'NA', 0, 1),
(10, 1, 'Novara', 'NO', 0, 1),
(10, 1, 'Nuoro', 'NU', 0, 1),
(10, 1, 'Ogliastra', 'OG', 0, 1),
(10, 1, 'Olbia-Tempio', 'OT', 0, 1),
(10, 1, 'Oristano', 'OR', 0, 1),
(10, 1, 'Padova', 'PD', 0, 1),
(10, 1, 'Palermo', 'PA', 0, 1),
(10, 1, 'Parma', 'PR', 0, 1),
(10, 1, 'Pavia', 'PV', 0, 1),
(10, 1, 'Perugia', 'PG', 0, 1),
(10, 1, 'Pesaro-Urbino', 'PU', 0, 1),
(10, 1, 'Pescara', 'PE', 0, 1),
(10, 1, 'Piacenza', 'PC', 0, 1),
(10, 1, 'Pisa', 'PI', 0, 1),
(10, 1, 'Pistoia', 'PT', 0, 1),
(10, 1, 'Pordenone', 'PN', 0, 1),
(10, 1, 'Potenza', 'PZ', 0, 1),
(10, 1, 'Prato', 'PO', 0, 1),
(10, 1, 'Ragusa', 'RG', 0, 1),
(10, 1, 'Ravenna', 'RA', 0, 1),
(10, 1, 'Reggio Calabria', 'RC', 0, 1),
(10, 1, 'Reggio Emilia', 'RE', 0, 1),
(10, 1, 'Rieti', 'RI', 0, 1),
(10, 1, 'Rimini', 'RN', 0, 1),
(10, 1, 'Roma', 'RM', 0, 1),
(10, 1, 'Rovigo', 'RO', 0, 1),
(10, 1, 'Salerno', 'SA', 0, 1),
(10, 1, 'Sassari', 'SS', 0, 1),
(10, 1, 'Savona', 'SV', 0, 1),
(10, 1, 'Siena', 'SI', 0, 1),
(10, 1, 'Siracusa', 'SR', 0, 1),
(10, 1, 'Sondrio', 'SO', 0, 1),
(10, 1, 'Taranto', 'TA', 0, 1),
(10, 1, 'Teramo', 'TE', 0, 1),
(10, 1, 'Terni', 'TR', 0, 1),
(10, 1, 'Torino', 'TO', 0, 1),
(10, 1, 'Trapani', 'TP', 0, 1),
(10, 1, 'Trento', 'TN', 0, 1),
(10, 1, 'Treviso', 'TV', 0, 1),
(10, 1, 'Trieste', 'TS', 0, 1),
(10, 1, 'Udine', 'UD', 0, 1),
(10, 1, 'Varese', 'VA', 0, 1),
(10, 1, 'Venezia', 'VE', 0, 1),
(10, 1, 'Verbano-Cusio-Ossola', 'VB', 0, 1),
(10, 1, 'Vercelli', 'VC', 0, 1),
(10, 1, 'Verona', 'VR', 0, 1),
(10, 1, 'Vibo Valentia', 'VV', 0, 1),
(10, 1, 'Vicenza', 'VI', 0, 1),
(10, 1, 'Viterbo', 'VT', 0, 1); */

/*印度尼西亚 INSERT INTO `PREFIX_state` (`id_country`, `id_zone`, `name`, `iso_code`, `active`) VALUES
(111, 3, 'Aceh', 'AC', 1),
(111, 3, 'Bali', 'BA', 1),
(111, 3, 'Bangka', 'BB', 1),
(111, 3, 'Banten', 'BT', 1),
(111, 3, 'Bengkulu', 'BE', 1),
(111, 3, 'Central Java', 'JT', 1),
(111, 3, 'Central Kalimantan', 'KT', 1),
(111, 3, 'Central Sulawesi', 'ST', 1),
(111, 3, 'Coat of arms of East Java', 'JI', 1),
(111, 3, 'East kalimantan', 'KI', 1),
(111, 3, 'East Nusa Tenggara', 'NT', 1),
(111, 3, 'Lambang propinsi', 'GO', 1),
(111, 3, 'Jakarta', 'JK', 1),
(111, 3, 'Jambi', 'JA', 1),
(111, 3, 'Lampung', 'LA', 1),
(111, 3, 'Maluku', 'MA', 1),
(111, 3, 'North Maluku', 'MU', 1),
(111, 3, 'North Sulawesi', 'SA', 1),
(111, 3, 'North Sumatra', 'SU', 1),
(111, 3, 'Papua', 'PA', 1),
(111, 3, 'Riau', 'RI', 1),
(111, 3, 'Lambang Riau', 'KR', 1),
(111, 3, 'Southeast Sulawesi', 'SG', 1),
(111, 3, 'South Kalimantan', 'KS', 1),
(111, 3, 'South Sulawesi', 'SN', 1),
(111, 3, 'South Sumatra', 'SS', 1),
(111, 3, 'West Java', 'JB', 1),
(111, 3, 'West Kalimantan', 'KB', 1),
(111, 3, 'West Nusa Tenggara', 'NB', 1),
(111, 3, 'Lambang Provinsi Papua Barat', 'PB', 1),
(111, 3, 'West Sulawesi', 'SR', 1),
(111, 3, 'West Sumatra', 'SB', 1),
(111, 3, 'Yogyakarta', 'YO', 1); */

/*日本 INSERT INTO `PREFIX_state` (`id_country`, `id_zone`, `name`, `iso_code`, `active`) VALUES
(11, 3, "Aichi", "23", 1),
(11, 3, "Akita", "05", 1),
(11, 3, "Aomori", "02", 1),
(11, 3, "Chiba", "12", 1),
(11, 3, "Ehime", "38", 1),
(11, 3, "Fukui", "18", 1),
(11, 3, "Fukuoka", "40", 1),
(11, 3, "Fukushima", "07", 1),
(11, 3, "Gifu", "21", 1),
(11, 3, "Gunma", "10", 1),
(11, 3, "Hiroshima", "34", 1),
(11, 3, "Hokkaido", "01", 1),
(11, 3, "Hyogo", "28", 1),
(11, 3, "Ibaraki", "08", 1),
(11, 3, "Ishikawa", "17", 1),
(11, 3, "Iwate", "03", 1),
(11, 3, "Kagawa", "37", 1),
(11, 3, "Kagoshima", "46", 1),
(11, 3, "Kanagawa", "14", 1),
(11, 3, "Kochi", "39", 1),
(11, 3, "Kumamoto", "43", 1),
(11, 3, "Kyoto", "26", 1),
(11, 3, "Mie", "24", 1),
(11, 3, "Miyagi", "04", 1),
(11, 3, "Miyazaki", "45", 1),
(11, 3, "Nagano", "20", 1),
(11, 3, "Nagasaki", "42", 1),
(11, 3, "Nara", "29", 1),
(11, 3, "Niigata", "15", 1),
(11, 3, "Oita", "44", 1),
(11, 3, "Okayama", "33", 1),
(11, 3, "Okinawa", "47", 1),
(11, 3, "Osaka", "27", 1),
(11, 3, "Saga", "41", 1),
(11, 3, "Saitama", "11", 1),
(11, 3, "Shiga", "25", 1),
(11, 3, "Shimane", "32", 1),
(11, 3, "Shizuoka", "22", 1),
(11, 3, "Tochigi", "09", 1),
(11, 3, "Tokushima", "36", 1),
(11, 3, "Tokyo", "13", 1),
(11, 3, "Tottori", "31", 1),
(11, 3, "Toyama", "16", 1),
(11, 3, "Wakayama", "30", 1),
(11, 3, "Yamagata", "06", 1),
(11, 3, "Yamaguchi", "35", 1),
(11, 3, "Yamanashi", "19", 1); */

INSERT INTO `PREFIX_currency` (`name`, `iso_code`, `iso_code_num`, `sign`, `blank`, `conversion_rate`, `format`, `deleted`, `active`) VALUES
('人民币', 'CNY', '156', '¥', 1, 1, 3, 0, 1);
/*('Euro', 'EUR', '978', '€', 1, 1, 2, 0, 1),
('Dollar', 'USD', '840', '$', 0, 1.32, 1, 0, 1),
('Pound', 'GBP', '826', '£', 0, 0.8, 1, 0, 1),
('Yen', 'JPY', '392', '¥', 0, 113.14, 2, 0, 0),
('Lev', 'BGN', '975', 'лв', 1, 1.96, 2, 0, 0),
('Couronne', 'CZK', '203', 'Kč', 1, 24.58, 2, 0, 0),
('Couronne', 'DKK', '208', 'kr', 1, 7.45, 2, 0, 0),
('Couronne', 'EEK', '233', 'kr', 1, 15.65, 2, 0, 0),
('Forint', 'HUF', '348', 'Ft', 1, 279.65, 2, 0, 0),
('Litas', 'LTL', '440', 'Lt', 1, 3.45, 2, 0, 0),
('Lats letton', 'LVL', '428', 'Ls', 1, 0.71, 2, 0, 0),
('Zloty', 'PLN', '985', 'zł', 1, 3.94, 2, 0, 0),
('Leu', 'RON', '946', 'lei', 1, 4.26, 2, 0, 0),
('Couronne', 'SEK', '752', 'kr', 1, 9.13, 2, 0, 0),
('Franc Suisse', 'CHF', '756', 'CHF', 1, 1.32, 2, 0, 0),
('Couronne', 'NOK', '578', 'kr', 1, 7.90, 2, 0, 0),
('Kuna', 'HRK', '191', 'kn', 1, 7.28, 2, 0, 0),
('Rouble', 'RUB', '643', 'руб', 1, 41.46, 2, 0, 0),
('Livre', 'TRY', '949', 'TL', 1, 1.98, 2, 0, 0),
('Australian Dollar', 'AUD', '036', '$', 1, 1.40, 2, 0, 0),
('Réal', 'BRL', '986', 'R$', 1, 2.28, 2, 0, 0),
('Canadian Dollar', 'CAD', '124', '$', 1, 1.37, 2, 0, 0),
('Yuan renminbi', 'CNY', '156', '¥', 1, 8.96, 2, 0, 0),
('Hong Kong Dollar', 'HKD', '344', '$', 1, 10.37, 2, 0, 0),
('Rupiah', 'IDR', '360', 'Rp', 1, 11956.81, 2, 0, 0),
('Rupees', 'INR', '356', 'rupees', 1, 60.93, 2, 0, 0),
('Won', 'KRW', '410', '₩', 1, 1537.58, 2, 0, 0),
('Mexican Peso', 'MXN', '484', '$', 1, 16.96, 2, 0, 0),
('Ringgit', 'MYR', '458', 'RM', 1, 4.13, 2, 0, 0),
('New-Zeland Dollar', 'NZD', '554', '$', 1, 1.81, 2, 0, 0),
('Peso Phillipin', 'PHP', '608', 'Php', 1, 58.61, 2, 0, 0),
('Singapour Dollar', 'SGD', '702', '$', 1, 1.77, 2, 0, 0),
('Baht', 'THB', '764', '฿', 1, 40.96, 2, 0, 0),
('Rand', 'ZAR', '710', 'R', 1, 9.38, 2, 0, 0);*/

INSERT INTO `PREFIX_image_type` (`id_image_type`, `name`, `width`, `height`, `products`, `categories`, `manufacturers`, `suppliers`, `scenes`, `stores`) VALUES
(1, 'small', 45, 45, 1, 1, 1, 1, 0, 0),
(2, 'medium', 80, 80, 1, 1, 1, 1, 0, 1),
(3, 'large', 300, 300, 1, 1, 1, 1, 0, 0),
(4, 'thickbox', 600, 600, 1, 0, 0, 0, 0, 0),
(5, 'category', 500, 150, 0, 1, 0, 0, 0, 0),
(6, 'home', 129, 129, 1, 0, 0, 0, 0, 0),
(7, 'large_scene', 556, 200, 0, 0, 0, 0, 1, 0),
(8, 'thumb_scene', 161, 58, 0, 0, 0, 0, 1, 0);

INSERT INTO `PREFIX_contact_lang` (`id_contact`, `id_lang`, `name`, `description`) VALUES
(1, 1, '网站管理员', '如果网站出现技术问题'),
(2, 1, '客服人员', '有关产品或订单的任何问题');

INSERT INTO `PREFIX_discount_type` (`id_discount_type`) VALUES
(1),
(2),
(3);
INSERT INTO `PREFIX_discount_type_lang` (`id_discount_type`, `id_lang`, `name`) VALUES
(1, 1, '打折'),
(2, 1, '满减'),
(3, 1, '免运费');

INSERT INTO `PREFIX_profile` (`id_profile`) VALUES
(1);
INSERT INTO `PREFIX_profile_lang` (`id_profile`, `id_lang`, `name`) VALUES
(1, 1, '管理人员');

INSERT INTO `PREFIX_tab` (`id_tab`, `class_name`, `id_parent`, `position`) VALUES
(1, 'AdminCatalog', 0, 1),
(2, 'AdminCustomers', 0, 2),
(3, 'AdminOrders', 0, 3),
(4, 'AdminPayment', 0, 4),
(5, 'AdminShipping', 0, 5),
(6, 'AdminStats', 0, 6),
(7, 'AdminModules', 0, 7),
(29, 'AdminEmployees', 0, 8),
(8, 'AdminPreferences', 0, 9),
(9, 'AdminTools', 0, 10),
(11, 'AdminAttributesGroups', 1, 1),
(36, 'AdminFeatures', 1, 2),
(68, 'AdminAttachments', 1, 3),
(58, 'AdminScenes', 1, 4),
(10, 'AdminManufacturers', 1, 5),
(34, 'AdminSuppliers', 1, 6),
(73, 'AdminStockMvt', 1, 7),
(66, 'AdminTags', 1, 8),
(60, 'AdminTracking', 1, 9),
(12, 'AdminAddresses', 2, 1),
(63, 'AdminGroups', 2, 2),
(65, 'AdminCarts', 2, 3),
(59, 'AdminMessages', 3, 1),
(42, 'AdminInvoices', 3, 2),
(13, 'AdminStatuses', 3, 3),
(55, 'AdminDeliverySlip', 3, 4),
(47, 'AdminReturn', 3, 5),
(49, 'AdminSlip', 3, 6),
(54, 'AdminOrderMessage', 3, 7),
(48, 'AdminPDF', 3, 8),
(15, 'AdminCurrencies', 4, 1),
(16, 'AdminTaxes', 4, 2),
(85, 'AdminTaxRulesGroup', 4, 3),
(14, 'AdminDiscounts', 4, 4),
(17, 'AdminCarriers', 5, 1),
(18, 'AdminCountries', 5, 2),
(46, 'AdminStates', 5, 3),
(87, 'AdminCounty', 5, 4),
(19, 'AdminZones', 5, 5),
(20, 'AdminRangePrice', 5, 6),
(21, 'AdminRangeWeight', 5, 7),
(51, 'AdminStatsConf', 6, 1),
(61, 'AdminSearchEngines', 6, 2),
(62, 'AdminReferrers', 6, 3),
(80, 'AdminAddonsCatalog', 7, 1),
(81, 'AdminAddonsMyAccount', 7, 2),
(83, 'AdminThemes', 7, 3),
(22, 'AdminModulesPositions', 7, 4),
(30, 'AdminProfiles', 29, 1),
(31, 'AdminAccess', 29, 2),
(28, 'AdminContacts', 29, 3),
(71, 'AdminCustomerThreads', 29, 4),
(37, 'AdminQuickAccesses', 29, 5),
(35, 'AdminTabs', 29, 6),
(38, 'AdminAppearance', 8, 1),
(23, 'AdminDb', 8, 2),
(24, 'AdminEmails', 8, 3),
(26, 'AdminImages', 8, 4),
(70, 'AdminPerformance', 8, 5),
(56, 'AdminMeta', 8, 6),
(67, 'AdminSearchConf', 8, 7),
(40, 'AdminAliases', 8, 8),
(44, 'AdminLocalization', 8, 9),
(84, 'AdminGeolocation', 8, 10),
(27, 'AdminPPreferences', 8, 11),
(39, 'AdminContact', 8, 12),
(41, 'AdminImport', 9, 1),
(32, 'AdminLanguages', 9, 2),
(33, 'AdminTranslations', 9, 3),
(64, 'AdminGenerator', 9, 4),
(52, 'AdminSubDomains', 9, 5),
(57, 'AdminCMSContent', 9, 6),
(82, 'AdminStores', 9, 7),
(72, 'AdminWebservice', 9, 8),
(53, 'AdminBackup', 9, 9),
(86, 'AdminLogs', 9, 10),
(69, 'AdminInformation', 9, 11),
(43, 'AdminSearch', -1, 0),
(88,'AdminHome', -1, 0);

INSERT INTO `PREFIX_access` (`id_profile`, `id_tab`, `view`, `add`, `edit`, `delete`) (SELECT 1, id_tab, 1, 1, 1, 1 FROM PREFIX_tab);

INSERT INTO `PREFIX_tab_lang` (`id_lang`, `id_tab`, `name`) VALUES
(1, 1, '商品目录'),
(1, 2, '客户管理'),
(1, 3, '订单管理'),
(1, 4, '支付管理'),
(1, 5, '配送管理'),
(1, 6, '店铺统计'),
(1, 7, '模块管理'),
(1, 8, '偏好设置'),
(1, 9, '工具箱'),
(1, 10, '制造商'),
(1, 11, '属性和分组'),
(1, 12, '地址簿'),
(1, 13, '订单状态'),
(1, 14, '优惠券'),
(1, 15, '货币管理'),
(1, 16, '税率管理'),
(1, 17, '配送管理'),
(1, 18, '国别'),
(1, 19, '洲际'),
(1, 20, '价格区间'),
(1, 21, '重量区间'),
(1, 22, '位置管理'),
(1, 23, '数据库'),
(1, 24, 'E-mail'),
(1, 26, '图片设置'),
(1, 27, '商品设置'),
(1, 28, '对外联系人'),
(1, 29, '员工管理'),
(1, 30, '角色管理'),
(1, 31, '权限管理'),
(1, 32, '语言管理'),
(1, 33, '翻译管理'),
(1, 34, '供应商'),
(1, 35, '菜单项'),
(1, 36, '规格参数'),
(1, 37, '快速访问'),
(1, 38, '外观管理'),
(1, 39, '联系信息'),
(1, 40, '关键词勘误'),
(1, 41, 'CSV 导入'),
(1, 42, '发票管理'),
(1, 43, '搜索设置'),
(1, 44, '本土化设置'),
(1, 46, '省份'),
(1, 47, '商品退货'),
(1, 48, 'PDF 设置'),
(1, 49, 'Credit Slips'),
(1, 51, '设置'),
(1, 52, '二级域名'),
(1, 53, '数据备份'),
(1, 54, '订单消息'),
(1, 55, '送货单'),
(1, 56, 'SEO 和 URL'),
(1, 57, '文章管理（CMS）'),
(1, 58, '图片映射'),
(1, 59, '客户消息'),
(1, 60, '监测'),
(1, 61, '搜索引擎'),
(1, 62, '访问来源'),
(1, 63, '分组'),
(1, 64, 'Generators'),
(1, 65, '购物车'),
(1, 66, '标签管理'),
(1, 67, '搜索'),
(1, 68, '附件管理'),
(1, 69, '配置信息'),
(1, 70, '性能设置'),
(1, 71, '客户服务'),
(1, 72, 'Webservice'),
(1, 73, '库存变动'),
(1, 80, '模块和主题目录'),
(1, 81, '服务帐户'),
(1, 82, '店铺信息'),
(1, 83, '主题管理'),
(1, 84, '地理位置'),
(1, 85, '计税规则'),
(1, 86, '系统日志'),
(1, 87, '县市'),
(1, 88, '首页');



INSERT IGNORE INTO `PREFIX_tab_lang` (`id_tab`, `id_lang`, `name`)
    (SELECT `id_tab`, id_lang, (SELECT tl.`name`
        FROM `PREFIX_tab_lang` tl
        WHERE tl.`id_lang` = (SELECT c.`value`
            FROM `PREFIX_configuration` c
            WHERE c.`name` = 'PS_LANG_DEFAULT' LIMIT 1) AND tl.`id_tab`=`PREFIX_tab`.`id_tab`)
    FROM `PREFIX_lang` CROSS JOIN `PREFIX_tab`);

INSERT INTO `PREFIX_quick_access` (`id_quick_access`, `link`, `new_window`) VALUES
(1, 'index.php', 0),
(2, '../', 1),
(3, 'index.php?tab=AdminCatalog&addcategory', 0),
(4, 'index.php?tab=AdminCatalog&addproduct', 0),
(5, 'index.php?tab=AdminDiscounts&adddiscount', 0);

INSERT INTO `PREFIX_quick_access_lang` (`id_quick_access`, `id_lang`, `name`) VALUES
(1, 1, '首页'),
(2, 1, '前往商店'),
(3, 1, '添加分类'),
(4, 1, '添加产品'),
(5, 1, '创建优惠券');

INSERT INTO `PREFIX_order_return_state` (`id_order_return_state`, `color`) VALUES
(1, '#ADD8E6'),
(2, '#EEDDFF'),
(3, '#DDFFAA'),
(4, '#FFD3D3'),
(5, '#FFFFBB');

INSERT INTO `PREFIX_order_return_state_lang` (`id_order_return_state`, `id_lang`, `name`) VALUES
(1, 1, '等待确认'),
(2, 1, '等待退回包裹'),
(3, 1, '包裹已收到'),
(4, 1, '退货被拒'),
(5, 1, '退货完成');

INSERT INTO `PREFIX_meta` (`id_meta`, `page`) VALUES
(1, '404'),
(2, 'best-sales'),
(3, 'contact-form'),
(4, 'index'),
(5, 'manufacturer'),
(6, 'new-products'),
(7, 'password'),
(8, 'prices-drop'),
(9, 'sitemap'),
(10, 'supplier'),
(11, 'address'),
(12, 'addresses'),
(13, 'authentication'),
(14, 'cart'),
(15, 'discount'),
(16, 'history'),
(17, 'identity'),
(18, 'my-account'),
(19, 'order-follow'),
(20, 'order-slip'),
(21, 'order'),
(22, 'search'),
(23, 'stores'),
(24, 'order-opc'),
(25, 'guest-tracking');

INSERT INTO `PREFIX_meta_lang` (`id_meta`, `id_lang`, `title`, `description`, `keywords`, `url_rewrite`) VALUES
(1, 1, '404 error', 'This page cannot be found', 'error, 404, not found', 'page-not-found'),
(2, 1, 'Best sales', 'Our best sales', 'best sales', 'best-sales'),
(3, 1, 'Contact us', 'Use our form to contact us', 'contact, form, e-mail', 'contact-us'),
(4, 1, '', 'Shop powered by PrestaShop', 'shop, prestashop', ''),
(5, 1, 'Manufacturers', 'Manufacturers list', 'manufacturer', 'manufacturers'),
(6, 1, 'New products', 'Our new products', 'new, products', 'new-products'),
(7, 1, 'Forgot your password', 'Enter your e-mail address used to register in goal to get e-mail with your new password', 'forgot, password, e-mail, new, reset', 'password-recovery'),
(8, 1, 'Prices drop', 'Our special products', 'special, prices drop', 'prices-drop'),
(9, 1, 'Sitemap', 'Lost ? Find what your are looking for', 'sitemap', 'sitemap'),
(10, 1, 'Suppliers', 'Suppliers list', 'supplier', 'supplier'),
(11, 1, 'Address', '', '', 'address'),
(12, 1, 'Addresses', '', '', 'addresses'),
(13, 1, 'Authentication', '', '', 'authentication'),
(14, 1, 'Cart', '', '', 'cart'),
(15, 1, 'Discount', '', '', 'discount'),
(16, 1, 'Order history', '', '', 'order-history'),
(17, 1, 'Identity', '', '', 'identity'),
(18, 1, 'My account', '', '', 'my-account'),
(19, 1, 'Order follow', '', '', 'order-follow'),
(20, 1, 'Order slip', '', '', 'order-slip'),
(21, 1, 'Order', '', '', 'order'),
(22, 1, 'Search', '', '', 'search'),
(23, 1, 'Stores', '', '', 'stores'),
(24, 1, 'Order', '', '', 'quick-order'),
(25, 1, 'Guest tracking', '', '', 'guest-tracking');


INSERT INTO `PREFIX_operating_system` (`name`) VALUES
('Windows XP'),
('Windows Vista'),
('MacOsX'),
('Linux');
INSERT INTO `PREFIX_web_browser` (`name`) VALUES
('Safari'),
('Firefox 2.x'),
('Firefox 3.x'),
('Opera'),
('IE 6.x'),
('IE 7.x'),
('IE 8.x'),
('Google Chrome');
INSERT INTO `PREFIX_page_type` (`id_page_type`, `name`) VALUES
(13, 'authentication.php'),
(11, 'best-sales.php'),
(2, 'category.php'),
(7, 'cms.php'),
(12, 'contact-form.php'),
(5, 'index.php'),
(4, 'manufacturer.php'),
(3, 'order.php'),
(10, 'prices-drop.php'),
(1, 'product.php'),
(8, 'search.php'),
(14, 'sitemap.php'),
(9, 'stores.php'),
(6, 'supplier.php');
INSERT INTO `PREFIX_search_engine` (`server`,`getvar`) VALUES
('google','q'),
('aol','q'),
('yandex','text'),
('ask.com','q'),
('nhl.com','q'),
('yahoo','p'),
('baidu','wd'),
('lycos','query'),
('exalead','q'),
('search.live','q'),
('voila','rdata'),
('altavista','q'),
('bing','q'),
('daum','q'),
('eniro','search_word'),
('naver','query'),
('msn','q'),
('netscape','query'),
('cnn','query'),
('about','terms'),
('mamma','query'),
('alltheweb','q'),
('virgilio','qs'),
('alice','qs'),
('najdi','q'),
('mama','query'),
('seznam','q'),
('onet','qt'),
('szukacz','q'),
('yam','k'),
('pchome','q'),
('kvasir','q'),
('sesam','q'),
('ozu','q'),
('terra','query'),
('mynet','q'),
('ekolay','q'),
('rambler','words');


INSERT INTO `PREFIX_subdomain` (`id_subdomain`, `name`) VALUES
(NULL, 'www');


INSERT INTO `PREFIX_cms` (`id_cms`, `id_cms_category`, `position`, `active`) VALUES
(1, 1, 0, 1),
(2, 1, 1, 1),
(3, 1, 2, 1),
(4, 1, 3, 1),
(5, 1, 4, 1),
(6, 1, 5, 1),
(7, 1, 6, 1);
INSERT INTO `PREFIX_cms_lang` (`id_cms`, `id_lang`, `meta_title`, `meta_description`, `meta_keywords`, `content`, `link_rewrite`) VALUES
(1, 1, 'Delivery', 'Our terms and conditions of delivery', 'conditions, delivery, delay, shipment, pack', '<h2>Shipments and returns</h2><h3>Your pack shipment</h3><p>Packages are generally dispatched within 2 days after receipt of payment and are shipped via UPS with tracking and drop-off without signature. If you prefer delivery by UPS Extra with required signature, an additional cost will be applied, so please contact us before choosing this method. Whichever shipment choice you make, we will provide you with a link to track your package online.</p><p>Shipping fees include handling and packing fees as well as postage costs. Handling fees are fixed, whereas transport fees vary according to total weight of the shipment. We advise you to group your items in one order. We cannot group two distinct orders placed separately, and shipping fees will apply to each of them. Your package will be dispatched at your own risk, but special care is taken to protect fragile objects.<br /><br />Boxes are amply sized and your items are well-protected.</p>', 'delivery'),
(2, 1, 'Legal Notice', 'Legal notice', 'notice, legal, credits', '<h2>Legal</h2><h3>Credits</h3><p>Concept and production:</p><p>This Web site was created using <a href="http://www.prestashop.com">PrestaShop</a>&trade; open-source software.</p>', 'legal-notice'),
(3, 1, 'Terms and conditions of use', 'Our terms and conditions of use', 'conditions, terms, use, sell', '<h2>Your terms and conditions of use</h2><h3>Rule 1</h3><p>Here is the rule 1 content</p>\r\n<h3>Rule 2</h3><p>Here is the rule 2 content</p>\r\n<h3>Rule 3</h3><p>Here is the rule 3 content</p>', 'terms-and-conditions-of-use'),
(4, 1, 'About us', 'Learn more about us', 'about us, informations', '<h2>About us</h2>\r\n<h3>Our company</h3><p>Our company</p>\r\n<h3>Our team</h3><p>Our team</p>\r\n<h3>Informations</h3><p>Informations</p>', 'about-us'),
(5, 1, 'Secure payment', 'Our secure payment mean', 'secure payment, ssl, visa, mastercard, paypal', '<h2>Secure payment</h2>\r\n<h3>Our secure payment</h3><p>With SSL</p>\r\n<h3>Using Visa/Mastercard/Paypal</h3><p>About this services</p>', 'secure-payment'),
(6, 1, 'Privacy policy', 'Privacy policy', 'Privacy policy', '<h2>Privacy policy</h2>\r\n<p>Privacy policy</p>', 'privacy-policy'),
(7, 1, 'Right of withdrawal', 'Right of withdrawal', 'Right of withdrawal', '<h2>Right of withdrawal</h2>\r\n<p>Right of withdrawal</p>', 'right-of-withdrawal');


INSERT INTO `PREFIX_cms_category_lang` (`id_cms_category`, `id_lang`, `name`, `description`, `link_rewrite`, `meta_title`, `meta_keywords`, `meta_description`) VALUES
(1, 1, '首页', '', 'home', NULL, NULL, NULL);

INSERT INTO `PREFIX_cms_category` (`id_cms_category`, `id_parent`, `level_depth`, `active`, `date_add`, `date_upd`) VALUES
(1, 0, 0, 1, NOW(), NOW());


INSERT INTO `PREFIX_carrier` (`id_carrier`, `id_tax_rules_group`, `name`, `active`, `deleted`, `shipping_handling`) VALUES
(1, 0, 0, 1, 0, 0);

INSERT INTO `PREFIX_carrier_group` (`id_carrier`, `id_group`) VALUES
(1, 1);

INSERT INTO `PREFIX_carrier_lang` (`id_carrier`, `id_lang`, `delay`) VALUES
(1, 1, '上门自提');

INSERT INTO `PREFIX_carrier_zone` (`id_carrier`, `id_zone`) VALUES
(1, 1),
(1, 2),
(1, 3),
(1, 4),
(1, 5),
(1, 6),
(1, 7),
(1, 8);

INSERT INTO `PREFIX_delivery` (`id_delivery`, `id_range_price`, `id_range_weight`, `id_carrier`, `id_zone`, `price`) VALUES
(1, NULL, 1, 1, 1, 5.00),
(2, NULL, 1, 1, 2, 5.00),
(3, NULL, 1, 1, 3, 5.00),
(4, NULL, 1, 1, 4, 5.00),
(5, NULL, 1, 1, 5, 5.00),
(6, NULL, 1, 1, 6, 5.00),
(7, NULL, 1, 1, 7, 5.00),
(8, NULL, 1, 1, 8, 5.00);

INSERT INTO `PREFIX_configuration` (`name`, `value`, `date_add`, `date_upd`) VALUES
('PS_CARRIER_DEFAULT', '1', NOW(), NOW());


INSERT INTO `PREFIX_timezone` (`name`) VALUES
('Africa/Abidjan'),
('Africa/Accra'),
('Africa/Addis_Ababa'),
('Africa/Algiers'),
('Africa/Asmara'),
('Africa/Asmera'),
('Africa/Bamako'),
('Africa/Bangui'),
('Africa/Banjul'),
('Africa/Bissau'),
('Africa/Blantyre'),
('Africa/Brazzaville'),
('Africa/Bujumbura'),
('Africa/Cairo'),
('Africa/Casablanca'),
('Africa/Ceuta'),
('Africa/Conakry'),
('Africa/Dakar'),
('Africa/Dar_es_Salaam'),
('Africa/Djibouti'),
('Africa/Douala'),
('Africa/El_Aaiun'),
('Africa/Freetown'),
('Africa/Gaborone'),
('Africa/Harare'),
('Africa/Johannesburg'),
('Africa/Kampala'),
('Africa/Khartoum'),
('Africa/Kigali'),
('Africa/Kinshasa'),
('Africa/Lagos'),
('Africa/Libreville'),
('Africa/Lome'),
('Africa/Luanda'),
('Africa/Lubumbashi'),
('Africa/Lusaka'),
('Africa/Malabo'),
('Africa/Maputo'),
('Africa/Maseru'),
('Africa/Mbabane'),
('Africa/Mogadishu'),
('Africa/Monrovia'),
('Africa/Nairobi'),
('Africa/Ndjamena'),
('Africa/Niamey'),
('Africa/Nouakchott'),
('Africa/Ouagadougou'),
('Africa/Porto-Novo'),
('Africa/Sao_Tome'),
('Africa/Timbuktu'),
('Africa/Tripoli'),
('Africa/Tunis'),
('Africa/Windhoek'),
('America/Adak'),
('America/Anchorage '),
('America/Anguilla'),
('America/Antigua'),
('America/Araguaina'),
('America/Argentina/Buenos_Aires'),
('America/Argentina/Catamarca'),
('America/Argentina/ComodRivadavia'),
('America/Argentina/Cordoba'),
('America/Argentina/Jujuy'),
('America/Argentina/La_Rioja'),
('America/Argentina/Mendoza'),
('America/Argentina/Rio_Gallegos'),
('America/Argentina/Salta'),
('America/Argentina/San_Juan'),
('America/Argentina/San_Luis'),
('America/Argentina/Tucuman'),
('America/Argentina/Ushuaia'),
('America/Aruba'),
('America/Asuncion'),
('America/Atikokan'),
('America/Atka'),
('America/Bahia'),
('America/Barbados'),
('America/Belem'),
('America/Belize'),
('America/Blanc-Sablon'),
('America/Boa_Vista'),
('America/Bogota'),
('America/Boise'),
('America/Buenos_Aires'),
('America/Cambridge_Bay'),
('America/Campo_Grande'),
('America/Cancun'),
('America/Caracas'),
('America/Catamarca'),
('America/Cayenne'),
('America/Cayman'),
('America/Chicago'),
('America/Chihuahua'),
('America/Coral_Harbour'),
('America/Cordoba'),
('America/Costa_Rica'),
('America/Cuiaba'),
('America/Curacao'),
('America/Danmarkshavn'),
('America/Dawson'),
('America/Dawson_Creek'),
('America/Denver'),
('America/Detroit'),
('America/Dominica'),
('America/Edmonton'),
('America/Eirunepe'),
('America/El_Salvador'),
('America/Ensenada'),
('America/Fort_Wayne'),
('America/Fortaleza'),
('America/Glace_Bay'),
('America/Godthab'),
('America/Goose_Bay'),
('America/Grand_Turk'),
('America/Grenada'),
('America/Guadeloupe'),
('America/Guatemala'),
('America/Guayaquil'),
('America/Guyana'),
('America/Halifax'),
('America/Havana'),
('America/Hermosillo'),
('America/Indiana/Indianapolis'),
('America/Indiana/Knox'),
('America/Indiana/Marengo'),
('America/Indiana/Petersburg'),
('America/Indiana/Tell_City'),
('America/Indiana/Vevay'),
('America/Indiana/Vincennes'),
('America/Indiana/Winamac'),
('America/Indianapolis'),
('America/Inuvik'),
('America/Iqaluit'),
('America/Jamaica'),
('America/Jujuy'),
('America/Juneau'),
('America/Kentucky/Louisville'),
('America/Kentucky/Monticello'),
('America/Knox_IN'),
('America/La_Paz'),
('America/Lima'),
('America/Los_Angeles'),
('America/Louisville'),
('America/Maceio'),
('America/Managua'),
('America/Manaus'),
('America/Marigot'),
('America/Martinique'),
('America/Mazatlan'),
('America/Mendoza'),
('America/Menominee'),
('America/Merida'),
('America/Mexico_City'),
('America/Miquelon'),
('America/Moncton'),
('America/Monterrey'),
('America/Montevideo'),
('America/Montreal'),
('America/Montserrat'),
('America/Nassau'),
('America/New_York'),
('America/Nipigon'),
('America/Nome'),
('America/Noronha'),
('America/North_Dakota/Center'),
('America/North_Dakota/New_Salem'),
('America/Panama'),
('America/Pangnirtung'),
('America/Paramaribo'),
('America/Phoenix'),
('America/Port-au-Prince'),
('America/Port_of_Spain'),
('America/Porto_Acre'),
('America/Porto_Velho'),
('America/Puerto_Rico'),
('America/Rainy_River'),
('America/Rankin_Inlet'),
('America/Recife'),
('America/Regina'),
('America/Resolute'),
('America/Rio_Branco'),
('America/Rosario'),
('America/Santarem'),
('America/Santiago'),
('America/Santo_Domingo'),
('America/Sao_Paulo'),
('America/Scoresbysund'),
('America/Shiprock'),
('America/St_Barthelemy'),
('America/St_Johns'),
('America/St_Kitts'),
('America/St_Lucia'),
('America/St_Thomas'),
('America/St_Vincent'),
('America/Swift_Current'),
('America/Tegucigalpa'),
('America/Thule'),
('America/Thunder_Bay'),
('America/Tijuana'),
('America/Toronto'),
('America/Tortola'),
('America/Vancouver'),
('America/Virgin'),
('America/Whitehorse'),
('America/Winnipeg'),
('America/Yakutat'),
('America/Yellowknife'),
('Antarctica/Casey'),
('Antarctica/Davis'),
('Antarctica/DumontDUrville'),
('Antarctica/Mawson'),
('Antarctica/McMurdo'),
('Antarctica/Palmer'),
('Antarctica/Rothera'),
('Antarctica/South_Pole'),
('Antarctica/Syowa'),
('Antarctica/Vostok'),
('Arctic/Longyearbyen'),
('Asia/Aden'),
('Asia/Almaty'),
('Asia/Amman'),
('Asia/Anadyr'),
('Asia/Aqtau'),
('Asia/Aqtobe'),
('Asia/Ashgabat'),
('Asia/Ashkhabad'),
('Asia/Baghdad'),
('Asia/Bahrain'),
('Asia/Baku'),
('Asia/Bangkok'),
('Asia/Beirut'),
('Asia/Bishkek'),
('Asia/Brunei'),
('Asia/Calcutta'),
('Asia/Choibalsan'),
('Asia/Chongqing'),
('Asia/Chungking'),
('Asia/Colombo'),
('Asia/Dacca'),
('Asia/Damascus'),
('Asia/Dhaka'),
('Asia/Dili'),
('Asia/Dubai'),
('Asia/Dushanbe'),
('Asia/Gaza'),
('Asia/Harbin'),
('Asia/Ho_Chi_Minh'),
('Asia/Hong_Kong'),
('Asia/Hovd'),
('Asia/Irkutsk'),
('Asia/Istanbul'),
('Asia/Jakarta'),
('Asia/Jayapura'),
('Asia/Jerusalem'),
('Asia/Kabul'),
('Asia/Kamchatka'),
('Asia/Karachi'),
('Asia/Kashgar'),
('Asia/Kathmandu'),
('Asia/Katmandu'),
('Asia/Kolkata'),
('Asia/Krasnoyarsk'),
('Asia/Kuala_Lumpur'),
('Asia/Kuching'),
('Asia/Kuwait'),
('Asia/Macao'),
('Asia/Macau'),
('Asia/Magadan'),
('Asia/Makassar'),
('Asia/Manila'),
('Asia/Muscat'),
('Asia/Nicosia'),
('Asia/Novosibirsk'),
('Asia/Omsk'),
('Asia/Oral'),
('Asia/Phnom_Penh'),
('Asia/Pontianak'),
('Asia/Pyongyang'),
('Asia/Qatar'),
('Asia/Qyzylorda'),
('Asia/Rangoon'),
('Asia/Riyadh'),
('Asia/Saigon'),
('Asia/Sakhalin'),
('Asia/Samarkand'),
('Asia/Seoul'),
('Asia/Shanghai'),
('Asia/Singapore'),
('Asia/Taipei'),
('Asia/Tashkent'),
('Asia/Tbilisi'),
('Asia/Tehran'),
('Asia/Tel_Aviv'),
('Asia/Thimbu'),
('Asia/Thimphu'),
('Asia/Tokyo'),
('Asia/Ujung_Pandang'),
('Asia/Ulaanbaatar'),
('Asia/Ulan_Bator'),
('Asia/Urumqi'),
('Asia/Vientiane'),
('Asia/Vladivostok'),
('Asia/Yakutsk'),
('Asia/Yekaterinburg'),
('Asia/Yerevan'),
('Atlantic/Azores'),
('Atlantic/Bermuda'),
('Atlantic/Canary'),
('Atlantic/Cape_Verde'),
('Atlantic/Faeroe'),
('Atlantic/Faroe'),
('Atlantic/Jan_Mayen'),
('Atlantic/Madeira'),
('Atlantic/Reykjavik'),
('Atlantic/South_Georgia'),
('Atlantic/St_Helena'),
('Atlantic/Stanley'),
('Australia/ACT'),
('Australia/Adelaide'),
('Australia/Brisbane'),
('Australia/Broken_Hill'),
('Australia/Canberra'),
('Australia/Currie'),
('Australia/Darwin'),
('Australia/Eucla'),
('Australia/Hobart'),
('Australia/LHI'),
('Australia/Lindeman'),
('Australia/Lord_Howe'),
('Australia/Melbourne'),
('Australia/North'),
('Australia/NSW'),
('Australia/Perth'),
('Australia/Queensland'),
('Australia/South'),
('Australia/Sydney'),
('Australia/Tasmania'),
('Australia/Victoria'),
('Australia/West'),
('Australia/Yancowinna'),
('Europe/Amsterdam'),
('Europe/Andorra'),
('Europe/Athens'),
('Europe/Belfast'),
('Europe/Belgrade'),
('Europe/Berlin'),
('Europe/Bratislava'),
('Europe/Brussels'),
('Europe/Bucharest'),
('Europe/Budapest'),
('Europe/Chisinau'),
('Europe/Copenhagen'),
('Europe/Dublin'),
('Europe/Gibraltar'),
('Europe/Guernsey'),
('Europe/Helsinki'),
('Europe/Isle_of_Man'),
('Europe/Istanbul'),
('Europe/Jersey'),
('Europe/Kaliningrad'),
('Europe/Kiev'),
('Europe/Lisbon'),
('Europe/Ljubljana'),
('Europe/London'),
('Europe/Luxembourg'),
('Europe/Madrid'),
('Europe/Malta'),
('Europe/Mariehamn'),
('Europe/Minsk'),
('Europe/Monaco'),
('Europe/Moscow'),
('Europe/Nicosia'),
('Europe/Oslo'),
('Europe/Paris'),
('Europe/Podgorica'),
('Europe/Prague'),
('Europe/Riga'),
('Europe/Rome'),
('Europe/Samara'),
('Europe/San_Marino'),
('Europe/Sarajevo'),
('Europe/Simferopol'),
('Europe/Skopje'),
('Europe/Sofia'),
('Europe/Stockholm'),
('Europe/Tallinn'),
('Europe/Tirane'),
('Europe/Tiraspol'),
('Europe/Uzhgorod'),
('Europe/Vaduz'),
('Europe/Vatican'),
('Europe/Vienna'),
('Europe/Vilnius'),
('Europe/Volgograd'),
('Europe/Warsaw'),
('Europe/Zagreb'),
('Europe/Zaporozhye'),
('Europe/Zurich'),
('Indian/Antananarivo'),
('Indian/Chagos'),
('Indian/Christmas'),
('Indian/Cocos'),
('Indian/Comoro'),
('Indian/Kerguelen'),
('Indian/Mahe'),
('Indian/Maldives'),
('Indian/Mauritius'),
('Indian/Mayotte'),
('Indian/Reunion'),
('Pacific/Apia'),
('Pacific/Auckland'),
('Pacific/Chatham'),
('Pacific/Easter'),
('Pacific/Efate'),
('Pacific/Enderbury'),
('Pacific/Fakaofo'),
('Pacific/Fiji'),
('Pacific/Funafuti'),
('Pacific/Galapagos'),
('Pacific/Gambier'),
('Pacific/Guadalcanal'),
('Pacific/Guam'),
('Pacific/Honolulu'),
('Pacific/Johnston'),
('Pacific/Kiritimati'),
('Pacific/Kosrae'),
('Pacific/Kwajalein'),
('Pacific/Majuro'),
('Pacific/Marquesas'),
('Pacific/Midway'),
('Pacific/Nauru'),
('Pacific/Niue'),
('Pacific/Norfolk'),
('Pacific/Noumea'),
('Pacific/Pago_Pago'),
('Pacific/Palau'),
('Pacific/Pitcairn'),
('Pacific/Ponape'),
('Pacific/Port_Moresby'),
('Pacific/Rarotonga'),
('Pacific/Saipan'),
('Pacific/Samoa'),
('Pacific/Tahiti'),
('Pacific/Tarawa'),
('Pacific/Tongatapu'),
('Pacific/Truk'),
('Pacific/Wake'),
('Pacific/Wallis'),
('Pacific/Yap'),
('Brazil/Acre'),
('Brazil/DeNoronha'),
('Brazil/East'),
('Brazil/West'),
('Canada/Atlantic'),
('Canada/Central'),
('Canada/East-Saskatchewan'),
('Canada/Eastern'),
('Canada/Mountain'),
('Canada/Newfoundland'),
('Canada/Pacific'),
('Canada/Saskatchewan'),
('Canada/Yukon'),
('CET'),
('Chile/Continental'),
('Chile/EasterIsland'),
('CST6CDT'),
('Cuba'),
('EET'),
('Egypt'),
('Eire'),
('EST'),
('EST5EDT'),
('Etc/GMT'),
('Etc/GMT+0'),
('Etc/GMT+1'),
('Etc/GMT+10'),
('Etc/GMT+11'),
('Etc/GMT+12'),
('Etc/GMT+2'),
('Etc/GMT+3'),
('Etc/GMT+4'),
('Etc/GMT+5'),
('Etc/GMT+6'),
('Etc/GMT+7'),
('Etc/GMT+8'),
('Etc/GMT+9'),
('Etc/GMT-0'),
('Etc/GMT-1'),
('Etc/GMT-10'),
('Etc/GMT-11'),
('Etc/GMT-12'),
('Etc/GMT-13'),
('Etc/GMT-14'),
('Etc/GMT-2'),
('Etc/GMT-3'),
('Etc/GMT-4'),
('Etc/GMT-5'),
('Etc/GMT-6'),
('Etc/GMT-7'),
('Etc/GMT-8'),
('Etc/GMT-9'),
('Etc/GMT0'),
('Etc/Greenwich'),
('Etc/UCT'),
('Etc/Universal'),
('Etc/UTC'),
('Etc/Zulu'),
('Factory'),
('GB'),
('GB-Eire'),
('GMT'),
('GMT+0'),
('GMT-0'),
('GMT0'),
('Greenwich'),
('Hongkong'),
('HST'),
('Iceland'),
('Iran'),
('Israel'),
('Jamaica'),
('Japan'),
('Kwajalein'),
('Libya'),
('MET'),
('Mexico/BajaNorte'),
('Mexico/BajaSur'),
('Mexico/General'),
('MST'),
('MST7MDT'),
('Navajo'),
('NZ'),
('NZ-CHAT'),
('Poland'),
('Portugal'),
('PRC'),
('PST8PDT'),
('ROC'),
('ROK'),
('Singapore'),
('Turkey'),
('UCT'),
('Universal'),
('US/Alaska'),
('US/Aleutian'),
('US/Arizona'),
('US/Central'),
('US/East-Indiana'),
('US/Eastern'),
('US/Hawaii'),
('US/Indiana-Starke'),
('US/Michigan'),
('US/Mountain'),
('US/Pacific'),
('US/Pacific-New'),
('US/Samoa'),
('UTC'),
('W-SU'),
('WET'),
('Zulu');

INSERT INTO `PREFIX_group` (`id_group`, `reduction`, `date_add`, `date_upd`) VALUES
(1, 0, NOW(), NOW());

INSERT INTO `PREFIX_group_lang` (`id_group`, `id_lang`, `name`) VALUES
(1, 1, '默认');

INSERT INTO `PREFIX_category_group` (`id_category`, `id_group`) VALUES
(1, 1);
INSERT INTO `PREFIX_configuration` (`name`, `value`, `date_add`, `date_upd`) VALUES
('PS_TAX_ADDRESS_TYPE', 'id_address_delivery', NOW(), NOW());

INSERT INTO `PREFIX_stock_mvt_reason` (`id_stock_mvt_reason`, `sign`, `date_add`, `date_upd`) VALUES
(1, 1, NOW(), NOW()),
(2, -1, NOW(), NOW()),
(3, -1, NOW(), NOW()),
(4, -1, NOW(), NOW()),
(5, 1, NOW(), NOW());
INSERT INTO `PREFIX_stock_mvt_reason_lang` (`id_stock_mvt_reason`, `id_lang`, `name`) VALUES
(1, 1, '增加'),
(2, 1, '减少'),
(3, 1, '订购'),
(4, 1, '未计入库存变动'),
(5, 1, '重新进货');

INSERT INTO `PREFIX_address_format` (`id_country`, `format`)
(SELECT `id_country` as id_country, 'firstname lastname\ncompany\nvat_number\naddress1\naddress2\npostcode city\nCountry:name\nphone' as format FROM `PREFIX_country`);

UPDATE `PREFIX_address_format` set `format`= 'firstname lastname
company
address1 address2
city, State:name postcode
Country:name
phone' where `id_country` = 21;

UPDATE `PREFIX_address_format` set `format`= 'firstname lastname
company
vat_number
address1
address2
postcode city
State:name
Country:name
phone' where `id_country` = 10;

UPDATE `PREFIX_address_format` set `format` = 'firstname lastname
company
address1
address2
city State:name postcode
Country:name
phone' WHERE `PREFIX_address_format`.`id_country` = 4;
