<?xml version="1.0" encoding="utf-8" ?>
<extension    type="module"     version="2.5"     client="site"     method="upgrade" >
  <name>MOD_QUICKNAVIGATION</name>
  <author>Webbati</author>
  <creationDate>28/09/2012</creationDate>
  <copyright>Copyright (C) 2012. All rights reserved.</copyright>
  <license>http://www.gnu.org/licenses/gpl-2.0.html GNU/GPL</license>
  <authorEmail>webbati@gmail.com</authorEmail>
  <authorUrl></authorUrl>
  <version>1.5.7</version>
  <description>MOD_QUICKNAVIGATION_XML_DESCRIPTION</description>
  <files>
    <filename module="mod_quicknavigation">mod_quicknavigation.php</filename>
    <filename>mod_quicknavigation.xml</filename>
    <filename>helper.php</filename>
    <filename>index.html</filename>
    <folder>tmpl</folder>
    <folder>asset</folder>
  </files>
  <languages folder="language">
		<language tag="en-GB">en-GB/en-GB.mod_quicknavigation.ini</language>
		<language tag="en-GB">en-GB/en-GB.mod_quicknavigation.sys.ini</language>
		<language tag="it-IT">it-IT/it-IT.mod_quicknavigation.ini</language>
		<language tag="it-IT">it-IT/it-IT.mod_quicknavigation.sys.ini</language>
	</languages>
  <config >
    <fields name="params">
      <fieldset name="basic">
      
      
        <field
				name="before_text" 
				type="text"
				default="" 
				label="MOD_QN_BEFORE_TEXT_LABEL" 
				description="MOD_QN_BEFORE_TEXT_DESCRIPTION" />
        
        <field
				name="after_text" 
				type="text"
				default="" 
				label="MOD_QN_AFTER_TEXT_LABEL" 
				description="MOD_QN_AFTER_TEXT_DESCRIPTION" />
       
		<field
				name="qn_style" 
				type="list"
				default="_vertical" 
				label="MOD_QN_STYLE_LABEL" 
				description="MOD_QN_STYLE_DESCRIPTION" >
				<option value="_vertical">MOD_QN_STYLE_VERTICAL</option>
				<option value="_horizontal">MOD_QN_STYLE_HORIZONTAL</option>
        </field>
        
        <field
				name="qn_color_style" 
				type="list"
				default="none" 
				label="MOD_QN_COLOR_STYLE_LABEL" 
				description="MOD_QN_COLOR_STYLE_DESCRIPTION" >
				<option value="none">MOD_QN_COLOR_STYLE_NONE</option>
				<option value="black">MOD_QN_COLOR_STYLE_BLACK</option>
				<option value="white">MOD_QN_COLOR_STYLE_WHITE</option>
				<option value="red">MOD_QN_COLOR_STYLE_RED</option>
				<option value="blue">MOD_QN_COLOR_STYLE_BLUE</option>
				<option value="orange">MOD_QN_COLOR_STYLE_ORANGE</option>
				<option value="yellow">MOD_QN_COLOR_STYLE_YELLOW</option>
				<option value="green">MOD_QN_COLOR_STYLE_GREEN</option>
				<option value="grey">MOD_QN_COLOR_STYLE_GREY</option>
        </field>
        
        
        <field 
				name="qn_show_optgroup"
				type="radio"
				default="1"
				label="MOD_QN_SHOW_OPTGROUP_LABEL"
				description="MOD_QN_SHOW_OPTGROUP_DESCRIPTION" >
				
				<option value="0">JNO</option>
				<option value="1">JYES</option>
		</field>
        
        
                <field 
				name="qn_show_loader"
				type="radio"
				default="1"
				label="MOD_QN_SHOW_LOADER_LABEL"
				description="MOD_QN_SHOW_LOADER_DESCRIPTION" >
				
				<option value="0">JNO</option>
				<option value="1">JYES</option>
		</field>
        

        
        <field
					name="moduleclass_sfx"
					type="text"
					label="MOD_QN_MODULECLASS_LABEL"
					description="MOD_QN_MODULECLASS_DESCRIPTION" />
					
					
		<field
					name="selectclass_sfx"
					type="text"
					label="MOD_QN_SELECTCLASS_LABEL"
					description="MOD_QN_SELECTCLASS_DESCRIPTION" />
					
		<field
					name="subclass_sfx"
					type="text"
					label="MOD_QN_SUBCLASS_LABEL"
					description="MOD_QN_SUBCLASS_DESCRIPTION" />
					
		<field
					name="articlesclass_sfx"
					type="text"
					label="MOD_QN_ARTICLECLASS_LABEL"
					description="MOD_QN_ARTICLECLASS_DESCRIPTION" />

        </fieldset>
        <fieldset name="advanced">
        
        <field name="show_root" type="radio" default="1" label="MOD_QN_SHOWROOT_LABEL" description="MOD_QN_SHOWROOT_DESCRIPTION" >
        <option value="0">JNO</option>
        <option value="1">JYES</option>
        </field>
        
        
                <field name="limit_deep_stop" type="list" default="0" label="MOD_QN_LIMIT_DEEP_LABEL" description="MOD_QN_LIMIT_DEEP_DESCRIPTION" >
				<option value="0">JALL</option>
				<option value="1">J1</option>
				<option value="2">J2</option>
				<option value="3">J3</option>
				<option value="4">J4</option>
				<option value="5">J5</option>
				<option value="6">J6</option>
				<option value="7">J7</option>
				<option value="8">J8</option>
				<option value="9">J9</option>
				<option value="10">J10</option>
		</field>
        
        <field name="usecat" type="radio" default="0" label="MOD_QN_USECAT_LABEL" description="MOD_QN_USECAT_DESCRIPTION" >
        <option value="0">JNO</option>
        <option value="1">JYES</option>
        </field>
        
      <field name="categories" type="sql" size="7"  label="MOD_QN_CATEGORIES_LABEL" multiple="true" description="MOD_QN_CATEGORIES_DESCRIPTION"  query="SELECT id, title FROM #__categories WHERE level = '1' AND published = 1  AND extension = 'com_content' "  key_field="id" value_field="title" />

     
	    <field name="pre_selected" type="radio" default="0" label="MOD_QN_PRE_SELECTED_LABEL" description="MOD_QN_PRE_SELECTED_DESCRIPTION" >
        <option value="0">JNO</option>
        <option value="1">JYES</option>
        </field>
        
		<field name="preselected_category" type="sql"  label="MOD_QN_PRESELECTED_CATEGORY_LABEL" multiple="false" description="MOD_QN_PRESELECTED_CATEGORY_DESCRIPTION"  query="SELECT id, title FROM #__categories WHERE level = '1' AND published = 1  AND extension = 'com_content' "  key_field="id" value_field="title" />
		
		
				<field 
				name="qn_show_empty_articlesbox"
				type="radio"
				default="0"
				label="MOD_QN_SHOW_EMPTY_ARTICLESBOX_LABEL"
				description="MOD_QN_SHOW_EMPTY_ARTICLESBOX_DESCRIPTION" >
				<option value="0">JNO</option>
				<option value="1">JYES</option>
		</field>
		
		
		
		<field type="spacer" name="qn_line_spacer" hr="true" />
		<field type="spacer" name="qn_title_spacer" class="text" label="MOD_QN_TITLE_SPACER" />
		
		
		
		<field
					name="qn_fixed_size"
					type="integer"
					label="MOD_QN_FIXED_SIZED_LABEL"
					description="MOD_QN_FIXED_SIZED_DESCRIPTION" 
					default="1"
					first="1"
					last="10"
					step="1"
					
		/>
		
		
		<field 
				name="qn_show_empty_option"
				type="radio"
				default="1"
				label="MOD_QN_SHOW_EMPTY_OPTION_LABEL"
				description="MOD_QN_SHOW_EMPTY_OPTION_DESCRIPTION" >
				
				<option value="0">JNO</option>
				<option value="1">JYES</option>
		</field>
		
		
		<field 
				name="categories_text" 
				type="text" 
				label="MOD_QN_SELECT_CATEGORY_LABEL" 
				default="-- Select main category --" 
				description="MOD_QN_SELECT_CATEGORY_DESCRIPTION" 
				filter="string"/>
      
       <field 
				name="articles_text" 
				type="text" 
				label="MOD_QN_SELECT_ARTICLE_LABEL" 
				default="-- Select article --" 
				description="MOD_QN_SELECT_ARTICLE_DESCRIPTION" 
				filter="string" />

				<field
					name="first_opt_level_0"
					type="text"
					default="-- Select --" 
					label="MOD_QN_FIRST_OPT_LEVEL_0_LABEL"
					description="MOD_QN_FIRST_OPT_LEVEL_0_DESCRIPTION" />
		
		
				<field
					name="first_opt_level_1"
					type="text"
					default="-- Select --" 
					label="MOD_QN_FIRST_OPT_LEVEL_1_LABEL"
					description="MOD_QN_FIRST_OPT_LEVEL_1_DESCRIPTION" />
		
				<field
					name="first_opt_level_2"
					type="text"
					default="-- Select --" 
					label="MOD_QN_FIRST_OPT_LEVEL_2_LABEL"
					description="MOD_QN_FIRST_OPT_LEVEL_2_DESCRIPTION" />
				
				<field
					name="first_opt_level_3"
					type="text"
					default="-- Select --" 
					label="MOD_QN_FIRST_OPT_LEVEL_3_LABEL"
					description="MOD_QN_FIRST_OPT_LEVEL_3_DESCRIPTION" />
				
				<field
					name="first_opt_level_4"
					type="text"
					default="-- Select --" 
					label="MOD_QN_FIRST_OPT_LEVEL_4_LABEL"
					description="MOD_QN_FIRST_OPT_LEVEL_4_DESCRIPTION" />
					
				<field
					name="first_opt_level_5"
					type="text"
					default="-- Select --" 
					label="MOD_QN_FIRST_OPT_LEVEL_5_LABEL"
					description="MOD_QN_FIRST_OPT_LEVEL_5_DESCRIPTION" />
					
				<field
					name="first_opt_level_6"
					type="text"
					default="-- Select --" 
					label="MOD_QN_FIRST_OPT_LEVEL_6_LABEL"
					description="MOD_QN_FIRST_OPT_LEVEL_6_DESCRIPTION" />
					
				<field
					name="first_opt_level_7"
					type="text"
					default="-- Select --" 
					label="MOD_QN_FIRST_OPT_LEVEL_7_LABEL"
					description="MOD_QN_FIRST_OPT_LEVEL_7_DESCRIPTION" />
					
				<field
					name="first_opt_level_8"
					type="text"
					default="-- Select --" 
					label="MOD_QN_FIRST_OPT_LEVEL_8_LABEL"
					description="MOD_QN_FIRST_OPT_LEVEL_8_DESCRIPTION" />
				
				<field
					name="first_opt_level_9"
					type="text"
					default="-- Select --" 
					label="MOD_QN_FIRST_OPT_LEVEL_9_LABEL"
					description="MOD_QN_FIRST_OPT_LEVEL_91_DESCRIPTION" />
					
				
		
      </fieldset>
      

    </fields>
  </config>
</extension>
