<?xml version="1.0" encoding="utf-8"?>
<!DOCTYPE install SYSTEM "http://dev.joomla.org/xml/1.5/component-install.dtd">
<install type="component" version="1.5" method="upgrade">
	<name>DJCatalog2</name>
   	<creationDate>December 2010</creationDate>
	<author>Blue Constant Media LTD</author>
	<copyright>Copyright (C) 2010 Blue Constant Media LTD, All rights reserved.</copyright>
	<license> http://www.gnu.org/licenses GNU/GPL</license>
	<authorEmail>contact@design-joomla.eu</authorEmail>
	<authorUrl>http://design-joomla.eu</authorUrl>
	<version>2.16</version>
	<installfile>install.com_djcatalog2.php</installfile>
	<uninstallfile>uninstall.com_djcatalog2.php</uninstallfile>
	<install>
        <sql>
            <file charset="utf8" driver="mysql">install/install.com_djcatalog2.sql</file>
        </sql>
    </install>
    <uninstall>
        <sql>
            <file charset="utf8" driver="mysql">install/uninstall.com_djcatalog2.sql</file>
        </sql>
    </uninstall>
	<administration>
    	<files folder="administrator/components/com_djcatalog2">
        	<filename>admin.djcatalog2.php</filename>
            <filename>controller.php</filename>
			<filename>config.xml</filename>
			<filename>index.html</filename>
            <folder>models</folder>
            <folder>tables</folder>
            <folder>views</folder>
			<folder>lib</folder>
			<folder>images</folder>
			<folder>elements</folder>
			<folder>3dp_ext</folder>
			<folder>install</folder>
        </files>
		<languages folder="administrator/language">
            <language tag="pl-PL">pl-PL/pl-PL.com_djcatalog2.ini</language>
			<language tag="pl-PL">pl-PL/pl-PL.plg_search_djcatalog2.ini</language>
			<language tag="pl-PL">pl-PL/pl-PL.plg_djcatalog2_addthis.ini</language>
			<language tag="pl-PL">pl-PL/pl-PL.plg_djcatalog2_pagebreak.ini</language>
            <language tag="en-GB">en-GB/en-GB.com_djcatalog2.ini</language>
			<language tag="en-GB">en-GB/en-GB.plg_search_djcatalog2.ini</language>
			<language tag="en-GB">en-GB/en-GB.plg_djcatalog2_addthis.ini</language>
			<language tag="en-GB">en-GB/en-GB.plg_djcatalog2_pagebreak.ini</language>
        </languages>
        <menu img="components/com_djcatalog2/images/icon-16-djcatalog.png" link="option=com_djcatalog2">DJ-Catalog2</menu>
    </administration>
	<params>
		<param name="css" default="0" />
		<param name="limit_items_show" default="8" />
		<param name="product_catalogue" default="0"/>
		<param name="category_columns" default="4" />
		<param name="category_show_intro" default="1"/>
		<param name="category_intro_trunc" default="0"/>
		<param name="category_intro_length" default="0"/>
		<param name="image_link_subcategory" default="1"/>
		<param name="showreadmore_subcategory" default="1" />
		<param name="show_category_name" default="1"/>
		<param name="show_producer_name"  default="3" />
		<param name="show_price"  default="1" />
		<param name="items_columns"  default="2"/>
		<param name="showcatdesc" default="1" />
		<param name="showsubcategories" default="1" />
		<param name="show_category_filter" default="1" />
		<param name="show_producer_filter" default="1" />
		<param name="show_search" type="list"  default="1" />
		<param name="show_category_orderby" default="1" />
		<param name="show_producer_orderby" default="1" />
		<param name="show_name_orderby" default="1" />
		<param name="show_price_orderby" default="1" />
		<param name="items_show_intro"  default="1" />
		<param name="items_intro_trunc"  default="0" />
		<param name="items_intro_length"  default="0"/>
		<param name="image_link_item" default="1" />
		<param name="showreadmore_item" default="1"/>
		<param name="show_category_name_item" default="1"/>
		<param name="show_producer_name_item" default="3" />
		<param name="show_price_item"  default="1" />
		<param name="price_unit" default="$"/>
		<param name="thousand_separator" default="0" />
		<param name="decimal_separator"  default="0" />
		<param name="unit_side"  default="1" />
		<param name="resize"  default="0" />
		<param name="width"  default="300" />
		<param name="height"  default="224" />
		<param name="th_width"  default="150" />
		<param name="th_height"  default="110"/>
		<param name="smallth_width"  default="75" />
		<param name="smallth_height" default="55"  />
		<param name="show_footer"  default="1"/>
	</params>
	<files folder="components/com_djcatalog2">
		<filename>index.html</filename>
		<filename>gpl.txt</filename>
		<filename>djcatalog2.php</filename>
		<filename>controller.php</filename>
		<filename>router.php</filename>
		<folder>views</folder>
		<folder>models</folder>
		<folder>theme</folder>
		<folder>helpers</folder>
	</files>
	<languages folder="language">
		<language tag="pl-PL">pl-PL/pl-PL.com_djcatalog2.ini</language>
		<language tag="pl-PL">pl-PL/pl-PL.mod_djc2categories.ini</language>
		<language tag="pl-PL">pl-PL/pl-PL.mod_djc2producers.ini</language>
		<language tag="pl-PL">pl-PL/pl-PL.mod_djc2frontpage.ini</language>
		<language tag="en-GB">en-GB/en-GB.com_djcatalog2.ini</language>
		<language tag="en-GB">en-GB/en-GB.mod_djc2categories.ini</language>
		<language tag="en-GB">en-GB/en-GB.mod_djc2producers.ini</language>
		<language tag="en-GB">en-GB/en-GB.mod_djc2frontpage.ini</language>
	</languages>
	<modules>
		<module module="mod_djc2categories" title="Djc2Categories" position="left" order="0" client="site">
			<files folder="modules/mod_djc2categories">
				<file>helper.php</file>
				<file>mod_djc2categories.xml</file>
				<file>mod_djc2categories.php</file>
				<file>index.html</file>
			</files>
		</module>
		<module module="mod_djc2producers" title="Djc2Producers" position="left" order="0" client="site">
			<files folder="modules/mod_djc2producers">
				<file>helper.php</file>
				<file>mod_djc2producers.php</file>
				<file>mod_djc2producers.xml</file>
				<file>index.html</file>
			</files>
		</module>
		<module module="mod_djc2frontpage" title="Djc2Frontpage" position="banner" order="0" client="site">
			<files folder="modules/mod_djc2frontpage">
				<filename>index.html</filename>
				<filename>mod_djc2frontpage.xml</filename>
				<filename>mod_djc2frontpage.php</filename>
				<folder>css</folder>
				<folder>js</folder>
				<folder>tmpl</folder>
			</files>
		</module>
	</modules>
	<plugins>
		<plugin plugin="djcatalog2" group="search" order="0">
			<files folder="plugins/search/djcatalog2">
				<file>djcatalog2.php</file>
				<file>djcatalog2.xml</file>
			</files>
		</plugin>
		<plugin plugin="pagebreak" group="djcatalog2" order="0">
			<files folder="plugins/djcatalog2/pagebreak">
				<file>pagebreak.php</file>
				<file>pagebreak.xml</file>
			</files>
		</plugin>
		<plugin plugin="addthis" group="djcatalog2" order="0">
			<files folder="plugins/djcatalog2/addthis">
				<file>addthis.php</file>
				<file>addthis.xml</file>
			</files>
		</plugin>
	</plugins>
	<joomfish>
	    <file>djc2_categories.xml</file>
	    <file>djc2_items.xml</file>
	    <file>djc2_producers.xml</file>
  </joomfish>
</install>

