<?xml version="1.0" encoding="utf-8"?>
<!DOCTYPE install SYSTEM "">
<install type="component" version="1.5.0" method="upgrade">
    <name>ContactMap</name>
    <!-- The following elements are optional and free of formatting conttraints -->
    <creationDate>Mars 2013</creationDate>
    <author>Fabrice4821</author>
    <authorEmail>webmaster@gmapfp.org</authorEmail>
    <authorUrl>http://www.gmapfp.org</authorUrl>
    <copyright>All rights reserved</copyright>
    <license>GNU/GPL</license>
    <version>3.17</version>
    <description>Composant ContactMap Version 3.16</description>
    <files folder="site">
        <filename>index.html</filename>
        <filename>contactmap.php</filename>
        <filename>controller.php</filename>
        <filename>router.php</filename>
        <filename>images/clock_32.png</filename>
        <filename>images/globe_32.png</filename>
        <filename>images/printer.png</filename>
        <filename>images/reload.gif</filename>
        <filename>images/xfmail.png</filename>
        <filename>images/recherche.png</filename>
        <filename>images/index.html</filename>
        <filename>models/contactmap.php</filename>
        <filename>models/index.html</filename>
        <filename>libraries/index.html</filename>
        <filename>libraries/contactmap.captcha.php</filename>
        <filename>libraries/reload.js</filename>
        <filename>libraries/map.js</filename>
        <filename>libraries/kcaptcha/index.html</filename>
        <filename>libraries/kcaptcha/form_example.php</filename>
        <filename>libraries/kcaptcha/index.php</filename>
        <filename>libraries/kcaptcha/kcaptcha.php</filename>
        <filename>libraries/kcaptcha/kcaptcha_config.php</filename>
        <filename>libraries/kcaptcha/fonts/index.html</filename>
        <filename>libraries/kcaptcha/fonts/.htaccess</filename>
        <filename>libraries/kcaptcha/fonts/antiqua.png</filename>
        <filename>libraries/kcaptcha/fonts/baskerville.png</filename>
        <filename>libraries/kcaptcha/fonts/batang.png</filename>
        <filename>libraries/kcaptcha/fonts/bookman.png</filename>
        <filename>libraries/kcaptcha/fonts/calisto.png</filename>
        <filename>libraries/kcaptcha/fonts/cambria.png</filename>
        <filename>libraries/kcaptcha/fonts/centaur.png</filename>
        <filename>libraries/kcaptcha/fonts/century.png</filename>
        <filename>libraries/kcaptcha/fonts/chaparral.png</filename>
        <filename>libraries/kcaptcha/fonts/constantia.png</filename>
        <filename>libraries/kcaptcha/fonts/footlight.png</filename>
        <filename>libraries/kcaptcha/fonts/garamond.png</filename>
        <filename>libraries/kcaptcha/fonts/georgia.png</filename>
        <filename>libraries/kcaptcha/fonts/goudy_old.png</filename>
        <filename>libraries/kcaptcha/fonts/kozuka.png</filename>
        <filename>libraries/kcaptcha/fonts/lucida.png</filename>
        <filename>libraries/kcaptcha/fonts/minion.png</filename>
        <filename>libraries/kcaptcha/fonts/palatino.png</filename>
        <filename>libraries/kcaptcha/fonts/perpetua.png</filename>
        <filename>libraries/kcaptcha/fonts/rockwell.png</filename>
        <filename>libraries/kcaptcha/fonts/times.png</filename>
        <filename>libraries/kcaptcha/fonts/warnock.png</filename>
        <filename>libraries/kcaptcha/util/index.html</filename>
        <filename>libraries/kcaptcha/util/font_preparer.php</filename>
        <filename>views/index.html</filename>
        <filename>views/contactmap/contactmap3.css</filename>
        <filename>views/contactmap/contactmap2.css</filename>
        <filename>views/contactmap/contactmap_print.css</filename>
        <filename>views/contactmap/index.html</filename>
        <filename>views/contactmap/metadata.xml</filename>
        <filename>views/contactmap/view.html.php</filename>
        <filename>views/contactmap/tmpl/default.php</filename>
        <filename>views/contactmap/tmpl/default.xml</filename>
        <filename>views/contactmap/tmpl/default_form.php</filename>
        <filename>views/contactmap/tmpl/debug_contact_map.php</filename>
        <filename>views/contactmap/tmpl/index.html</filename>
        <filename>views/contactmap/tmpl/horaires_item.php</filename>
        <filename>views/contactmap/tmpl/print_article.php</filename>
        <filename>views/contactmap/tmpl/map.php</filename>
        <filename>views/contactmap/tmpl/map.xml</filename>

        <filename>floatbox/index.html</filename>
        <filename>floatbox/floatbox.css</filename>
        <filename>floatbox/floatbox.js</filename>
        <filename>floatbox/framebox.js</filename>
        <filename>floatbox/licenseKey.js</filename>
        <filename>floatbox/graphics/index.html</filename>
        <filename>floatbox/graphics/404.jpg</filename>
        <filename>floatbox/graphics/blank.gif</filename>
        <filename>floatbox/graphics/close_black.gif</filename>
        <filename>floatbox/graphics/close_white.gif</filename>
        <filename>floatbox/graphics/cornerBottom_black_r0_b0.png</filename>
        <filename>floatbox/graphics/cornerBottom_black_r0_b1.png</filename>
        <filename>floatbox/graphics/cornerBottom_black_r8_b0.png</filename>
        <filename>floatbox/graphics/cornerBottom_black_r8_b1.png</filename>
        <filename>floatbox/graphics/cornerBottom_black_r12_b0.png</filename>
        <filename>floatbox/graphics/cornerBottom_black_r12_b1.png</filename>
        <filename>floatbox/graphics/cornerBottom_black_r20_b0.png</filename>
        <filename>floatbox/graphics/cornerBottom_black_r20_b1.png</filename>
        <filename>floatbox/graphics/cornerBottom_white_r0_b0.png</filename>
        <filename>floatbox/graphics/cornerBottom_white_r0_b1.png</filename>
        <filename>floatbox/graphics/cornerBottom_white_r8_b0.png</filename>
        <filename>floatbox/graphics/cornerBottom_white_r8_b1.png</filename>
        <filename>floatbox/graphics/cornerBottom_white_r12_b0.png</filename>
        <filename>floatbox/graphics/cornerBottom_white_r12_b1.png</filename>
        <filename>floatbox/graphics/cornerBottom_white_r20_b0.png</filename>
        <filename>floatbox/graphics/cornerBottom_white_r20_b1.png</filename>
        <filename>floatbox/graphics/cornerLeft_black_r0_b0.png</filename>
        <filename>floatbox/graphics/cornerLeft_black_r0_b1.png</filename>
        <filename>floatbox/graphics/cornerLeft_black_r8_b0.png</filename>
        <filename>floatbox/graphics/cornerLeft_black_r8_b1.png</filename>
        <filename>floatbox/graphics/cornerLeft_black_r12_b0.png</filename>
        <filename>floatbox/graphics/cornerLeft_black_r12_b1.png</filename>
        <filename>floatbox/graphics/cornerLeft_black_r20_b0.png</filename>
        <filename>floatbox/graphics/cornerLeft_black_r20_b1.png</filename>
        <filename>floatbox/graphics/cornerLeft_white_r0_b0.png</filename>
        <filename>floatbox/graphics/cornerLeft_white_r0_b1.png</filename>
        <filename>floatbox/graphics/cornerLeft_white_r8_b0.png</filename>
        <filename>floatbox/graphics/cornerLeft_white_r8_b1.png</filename>
        <filename>floatbox/graphics/cornerLeft_white_r12_b0.png</filename>
        <filename>floatbox/graphics/cornerLeft_white_r12_b1.png</filename>
        <filename>floatbox/graphics/cornerLeft_white_r20_b0.png</filename>
        <filename>floatbox/graphics/cornerLeft_white_r20_b1.png</filename>
        <filename>floatbox/graphics/cornerRight_black_r8_b0.png</filename>
        <filename>floatbox/graphics/cornerRight_black_r8_b1.png</filename>
        <filename>floatbox/graphics/cornerRight_black_r12_b0.png</filename>
        <filename>floatbox/graphics/cornerRight_black_r12_b1.png</filename>
        <filename>floatbox/graphics/cornerRight_black_r20_b0.png</filename>
        <filename>floatbox/graphics/cornerRight_black_r20_b1.png</filename>
        <filename>floatbox/graphics/cornerRight_white_r8_b0.png</filename>
        <filename>floatbox/graphics/cornerRight_white_r8_b1.png</filename>
        <filename>floatbox/graphics/cornerRight_white_r12_b0.png</filename>
        <filename>floatbox/graphics/cornerRight_white_r12_b1.png</filename>
        <filename>floatbox/graphics/cornerRight_white_r20_b0.png</filename>
        <filename>floatbox/graphics/cornerRight_white_r20_b1.png</filename>
        <filename>floatbox/graphics/cornerTop_black_r8_b0.png</filename>
        <filename>floatbox/graphics/cornerTop_black_r8_b1.png</filename>
        <filename>floatbox/graphics/cornerTop_black_r12_b0.png</filename>
        <filename>floatbox/graphics/cornerTop_black_r12_b1.png</filename>
        <filename>floatbox/graphics/cornerTop_black_r20_b0.png</filename>
        <filename>floatbox/graphics/cornerTop_black_r20_b1.png</filename>
        <filename>floatbox/graphics/cornerTop_white_r8_b0.png</filename>
        <filename>floatbox/graphics/cornerTop_white_r8_b1.png</filename>
        <filename>floatbox/graphics/cornerTop_white_r12_b0.png</filename>
        <filename>floatbox/graphics/cornerTop_white_r12_b1.png</filename>
        <filename>floatbox/graphics/cornerTop_white_r20_b0.png</filename>
        <filename>floatbox/graphics/cornerTop_white_r20_b1.png</filename>
        <filename>floatbox/graphics/dragger_black.gif</filename>
        <filename>floatbox/graphics/dragger_white.gif</filename>
        <filename>floatbox/graphics/loader_black.gif</filename>
        <filename>floatbox/graphics/loader_black_small.gif</filename>
        <filename>floatbox/graphics/loader_iframe_black.html</filename>
        <filename>floatbox/graphics/loader_iframe_white.html</filename>
        <filename>floatbox/graphics/loader_white.gif</filename>
        <filename>floatbox/graphics/loader_white_small.gif</filename>
        <filename>floatbox/graphics/magnify_minus.cur</filename>
        <filename>floatbox/graphics/magnify_plus.cur</filename>
        <filename>floatbox/graphics/newWindow_black.gif</filename>
        <filename>floatbox/graphics/newWindow_black.png</filename>
        <filename>floatbox/graphics/newWindow_white.gif</filename>
        <filename>floatbox/graphics/newWindow_white.png</filename>
        <filename>floatbox/graphics/next_black.gif</filename>
        <filename>floatbox/graphics/next_black_off.gif</filename>
        <filename>floatbox/graphics/next_white.gif</filename>
        <filename>floatbox/graphics/next_white_off.gif</filename>
        <filename>floatbox/graphics/overlayNext_black.gif</filename>
        <filename>floatbox/graphics/overlayNext_white.gif</filename>
        <filename>floatbox/graphics/overlayPrev_black.gif</filename>
        <filename>floatbox/graphics/overlayPrev_white.gif</filename>
        <filename>floatbox/graphics/pause_black.gif</filename>
        <filename>floatbox/graphics/pause_white.gif</filename>
        <filename>floatbox/graphics/play_black.gif</filename>
        <filename>floatbox/graphics/play_white.gif</filename>
        <filename>floatbox/graphics/prev_black.gif</filename>
        <filename>floatbox/graphics/prev_black_off.gif</filename>
        <filename>floatbox/graphics/prev_white.gif</filename>
        <filename>floatbox/graphics/prev_white_off.gif</filename>
        <filename>floatbox/graphics/resizer_black.gif</filename>
        <filename>floatbox/graphics/resizer_black_small.gif</filename>
        <filename>floatbox/graphics/resizer_white.gif</filename>
        <filename>floatbox/graphics/resizer_white_small.gif</filename>
        <filename>floatbox/graphics/shadowBottom_drop_s8_r0.png</filename>
        <filename>floatbox/graphics/shadowBottom_drop_s8_r8.png</filename>
        <filename>floatbox/graphics/shadowBottom_drop_s8_r12.png</filename>
        <filename>floatbox/graphics/shadowBottom_drop_s8_r20.png</filename>
        <filename>floatbox/graphics/shadowBottom_drop_s12_r0.png</filename>
        <filename>floatbox/graphics/shadowBottom_drop_s12_r8.png</filename>
        <filename>floatbox/graphics/shadowBottom_drop_s12_r12.png</filename>
        <filename>floatbox/graphics/shadowBottom_drop_s12_r20.png</filename>
        <filename>floatbox/graphics/shadowBottom_drop_s16_r0.png</filename>
        <filename>floatbox/graphics/shadowBottom_drop_s16_r8.png</filename>
        <filename>floatbox/graphics/shadowBottom_drop_s16_r12.png</filename>
        <filename>floatbox/graphics/shadowBottom_drop_s16_r20.png</filename>
        <filename>floatbox/graphics/shadowBottom_drop_s24_r0.png</filename>
        <filename>floatbox/graphics/shadowBottom_drop_s24_r8.png</filename>
        <filename>floatbox/graphics/shadowBottom_drop_s24_r12.png</filename>
        <filename>floatbox/graphics/shadowBottom_drop_s24_r20.png</filename>
        <filename>floatbox/graphics/shadowBottom_s8_r0.png</filename>
        <filename>floatbox/graphics/shadowBottom_s8_r8.png</filename>
        <filename>floatbox/graphics/shadowBottom_s8_r12.png</filename>
        <filename>floatbox/graphics/shadowBottom_s8_r20.png</filename>
        <filename>floatbox/graphics/shadowBottom_s12_r0.png</filename>
        <filename>floatbox/graphics/shadowBottom_s12_r8.png</filename>
        <filename>floatbox/graphics/shadowBottom_s12_r12.png</filename>
        <filename>floatbox/graphics/shadowBottom_s12_r20.png</filename>
        <filename>floatbox/graphics/shadowBottom_s16_r0.png</filename>
        <filename>floatbox/graphics/shadowBottom_s16_r8.png</filename>
        <filename>floatbox/graphics/shadowBottom_s16_r12.png</filename>
        <filename>floatbox/graphics/shadowBottom_s16_r20.png</filename>
        <filename>floatbox/graphics/shadowBottom_s24_r0.png</filename>
        <filename>floatbox/graphics/shadowBottom_s24_r8.png</filename>
        <filename>floatbox/graphics/shadowBottom_s24_r12.png</filename>
        <filename>floatbox/graphics/shadowBottom_s24_r20.png</filename>
        <filename>floatbox/graphics/shadowCorner_s8_r0.png</filename>
        <filename>floatbox/graphics/shadowCorner_s8_r8.png</filename>
        <filename>floatbox/graphics/shadowCorner_s8_r12.png</filename>
        <filename>floatbox/graphics/shadowCorner_s8_r20.png</filename>
        <filename>floatbox/graphics/shadowCorner_s12_r0.png</filename>
        <filename>floatbox/graphics/shadowCorner_s12_r8.png</filename>
        <filename>floatbox/graphics/shadowCorner_s12_r12.png</filename>
        <filename>floatbox/graphics/shadowCorner_s12_r20.png</filename>
        <filename>floatbox/graphics/shadowCorner_s16_r0.png</filename>
        <filename>floatbox/graphics/shadowCorner_s16_r8.png</filename>
        <filename>floatbox/graphics/shadowCorner_s16_r12.png</filename>
        <filename>floatbox/graphics/shadowCorner_s16_r20.png</filename>
        <filename>floatbox/graphics/shadowCorner_s24_r0.png</filename>
        <filename>floatbox/graphics/shadowCorner_s24_r8.png</filename>
        <filename>floatbox/graphics/shadowCorner_s24_r12.png</filename>
        <filename>floatbox/graphics/shadowCorner_s24_r20.png</filename>
        <filename>floatbox/graphics/shadowLeft_s8_r0.png</filename>
        <filename>floatbox/graphics/shadowLeft_s8_r8.png</filename>
        <filename>floatbox/graphics/shadowLeft_s8_r12.png</filename>
        <filename>floatbox/graphics/shadowLeft_s8_r20.png</filename>
        <filename>floatbox/graphics/shadowLeft_s12_r0.png</filename>
        <filename>floatbox/graphics/shadowLeft_s12_r8.png</filename>
        <filename>floatbox/graphics/shadowLeft_s12_r12.png</filename>
        <filename>floatbox/graphics/shadowLeft_s12_r20.png</filename>
        <filename>floatbox/graphics/shadowLeft_s16_r0.png</filename>
        <filename>floatbox/graphics/shadowLeft_s16_r8.png</filename>
        <filename>floatbox/graphics/shadowLeft_s16_r12.png</filename>
        <filename>floatbox/graphics/shadowLeft_s16_r20.png</filename>
        <filename>floatbox/graphics/shadowLeft_s24_r0.png</filename>
        <filename>floatbox/graphics/shadowLeft_s24_r8.png</filename>
        <filename>floatbox/graphics/shadowLeft_s24_r12.png</filename>
        <filename>floatbox/graphics/shadowLeft_s24_r20.png</filename>
        <filename>floatbox/graphics/shadowRight_s8_r0.png</filename>
        <filename>floatbox/graphics/shadowRight_s8_r8.png</filename>
        <filename>floatbox/graphics/shadowRight_s8_r12.png</filename>
        <filename>floatbox/graphics/shadowRight_s8_r20.png</filename>
        <filename>floatbox/graphics/shadowRight_s12_r0.png</filename>
        <filename>floatbox/graphics/shadowRight_s12_r8.png</filename>
        <filename>floatbox/graphics/shadowRight_s12_r12.png</filename>
        <filename>floatbox/graphics/shadowRight_s12_r20.png</filename>
        <filename>floatbox/graphics/shadowRight_s16_r0.png</filename>
        <filename>floatbox/graphics/shadowRight_s16_r8.png</filename>
        <filename>floatbox/graphics/shadowRight_s16_r12.png</filename>
        <filename>floatbox/graphics/shadowRight_s16_r20.png</filename>
        <filename>floatbox/graphics/shadowRight_s24_r0.png</filename>
        <filename>floatbox/graphics/shadowRight_s24_r8.png</filename>
        <filename>floatbox/graphics/shadowRight_s24_r12.png</filename>
        <filename>floatbox/graphics/shadowRight_s24_r20.png</filename>
        <filename>floatbox/graphics/shadowRight_drop_s8_r0.png</filename>
        <filename>floatbox/graphics/shadowRight_drop_s8_r8.png</filename>
        <filename>floatbox/graphics/shadowRight_drop_s8_r12.png</filename>
        <filename>floatbox/graphics/shadowRight_drop_s8_r20.png</filename>
        <filename>floatbox/graphics/shadowRight_drop_s12_r0.png</filename>
        <filename>floatbox/graphics/shadowRight_drop_s12_r8.png</filename>
        <filename>floatbox/graphics/shadowRight_drop_s12_r12.png</filename>
        <filename>floatbox/graphics/shadowRight_drop_s12_r20.png</filename>
        <filename>floatbox/graphics/shadowRight_drop_s16_r0.png</filename>
        <filename>floatbox/graphics/shadowRight_drop_s16_r8.png</filename>
        <filename>floatbox/graphics/shadowRight_drop_s16_r12.png</filename>
        <filename>floatbox/graphics/shadowRight_drop_s16_r20.png</filename>
        <filename>floatbox/graphics/shadowRight_drop_s24_r0.png</filename>
        <filename>floatbox/graphics/shadowRight_drop_s24_r8.png</filename>
        <filename>floatbox/graphics/shadowRight_drop_s24_r12.png</filename>
        <filename>floatbox/graphics/shadowRight_drop_s24_r20.png</filename>
        <filename>floatbox/graphics/shadowTop_s8_r0.png</filename>
        <filename>floatbox/graphics/shadowTop_s8_r8.png</filename>
        <filename>floatbox/graphics/shadowTop_s8_r12.png</filename>
        <filename>floatbox/graphics/shadowTop_s8_r20.png</filename>
        <filename>floatbox/graphics/shadowTop_s12_r0.png</filename>
        <filename>floatbox/graphics/shadowTop_s12_r8.png</filename>
        <filename>floatbox/graphics/shadowTop_s12_r12.png</filename>
        <filename>floatbox/graphics/shadowTop_s12_r20.png</filename>
        <filename>floatbox/graphics/shadowTop_s16_r0.png</filename>
        <filename>floatbox/graphics/shadowTop_s16_r8.png</filename>
        <filename>floatbox/graphics/shadowTop_s16_r12.png</filename>
        <filename>floatbox/graphics/shadowTop_s16_r20.png</filename>
        <filename>floatbox/graphics/shadowTop_s24_r0.png</filename>
        <filename>floatbox/graphics/shadowTop_s24_r8.png</filename>
        <filename>floatbox/graphics/shadowTop_s24_r12.png</filename>
        <filename>floatbox/graphics/shadowTop_s24_r20.png</filename>
        <filename>floatbox/graphics/tabbg-grey.gif</filename>
        <filename>floatbox/graphics/tabbg-grey.png</filename>
        <filename>floatbox/graphics/tabbg-grey-active.gif</filename>
        <filename>floatbox/graphics/tabbg-grey-active.png</filename>
        <filename>floatbox/graphics/tabbg-grey-hover.gif</filename>
        <filename>floatbox/graphics/tabbg-grey-hover.png</filename>
        <filename>floatbox/languages/index.html</filename>
        <filename>floatbox/languages/ar.json</filename>
        <filename>floatbox/languages/bg.json</filename>
        <filename>floatbox/languages/ca.json</filename>
        <filename>floatbox/languages/cs.json</filename>
        <filename>floatbox/languages/da.json</filename>
        <filename>floatbox/languages/de.json</filename>
        <filename>floatbox/languages/el.json</filename>
        <filename>floatbox/languages/en.json</filename>
        <filename>floatbox/languages/es.json</filename>
        <filename>floatbox/languages/fi.json</filename>
        <filename>floatbox/languages/fr.json</filename>
        <filename>floatbox/languages/gl.json</filename>
        <filename>floatbox/languages/he.json</filename>
        <filename>floatbox/languages/hi.json</filename>
        <filename>floatbox/languages/hr.json</filename>
        <filename>floatbox/languages/hu.json</filename>
        <filename>floatbox/languages/is.json</filename>
        <filename>floatbox/languages/it.json</filename>
        <filename>floatbox/languages/ja.json</filename>
        <filename>floatbox/languages/ko.json</filename>
        <filename>floatbox/languages/nl.json</filename>
        <filename>floatbox/languages/no.json</filename>
        <filename>floatbox/languages/pl.json</filename>
        <filename>floatbox/languages/pt.json</filename>
        <filename>floatbox/languages/ro.json</filename>
        <filename>floatbox/languages/ru.json</filename>
        <filename>floatbox/languages/sk.json</filename>
        <filename>floatbox/languages/sl.json</filename>
        <filename>floatbox/languages/sv.json</filename>
        <filename>floatbox/languages/th.json</filename>
        <filename>floatbox/languages/tr.json</filename>
        <filename>floatbox/languages/vi.json</filename>
        <filename>floatbox/languages/zh.json</filename>
        <filename>floatbox/languages/zh.traditional.json</filename>
        <filename>floatbox/modules/index.html</filename>
        <filename>floatbox/modules/black.css</filename>
        <filename>floatbox/modules/white.css</filename>
        <filename>floatbox/modules/core.js</filename>
        <filename>floatbox/modules/cycler.js</filename>
        <filename>floatbox/modules/ieOld.js</filename>
        <filename>floatbox/modules/keydownHandler.js</filename>
        <filename>floatbox/modules/mediaHTML.js</filename>
        <filename>floatbox/modules/mousedownHandler.js</filename>
        <filename>floatbox/modules/printContents.js</filename>
        <filename>floatbox/modules/resizeHandler.js</filename>
        <filename>floatbox/modules/tagPopup.js</filename>
        <filename>floatbox/modules/zoomInOut.js</filename>
    </files>
    <languages folder="site/language">
        <language tag="fr-FR">fr-FR.com_contactmap.ini</language>
        <language tag="en-GB">en-GB.com_contactmap.ini</language>
    </languages>
    <media destination="../images/stories/contactmap">
        <filename>Eglise.jpg</filename>
        <filename>Fay.jpg</filename>
        <filename>Usine_electrique.jpg</filename>
        <filename>blank.png</filename>
    </media>
    <install>
        <sql>
            <file charset="utf8" driver="mysql">install.sql</file>
            <file driver="mysql">install.nonutf8.sql</file>
        </sql>
    </install>
    <installfile>install.contactmap.php</installfile>
    <uninstall>
        <sql>
            <file charset="utf8" driver="mysql">uninstall.sql</file>
        </sql>
    </uninstall>    
    <administration>
        <menu img="components/com_contactmap/images/logo_contactmap.png"><![CDATA[ContactMap]]></menu>
        <submenu>
            <menu img="js/ThemeOffice/cpanel.png" link="option=com_contactmap"><![CDATA[Accueil]]></menu>
            <menu img="js/ThemeOffice/user.png" link="option=com_contactmap&amp;controller=contactmap&amp;task=view"><![CDATA[Contacts]]></menu>
            <menu img="js/ThemeOffice/category.png" link="option=com_categories&amp;section=com_contact_details"><![CDATA[Categories]]></menu>
            <menu img="components/com_contactmap/images/marqueur.png" link="option=com_contactmap&amp;controller=marqueurs&amp;task=view"><![CDATA[Marqueurs]]></menu>
            <menu img="js/ThemeOffice/content.png" link="option=com_contactmap&amp;controller=css&amp;task=view"><![CDATA[CSS]]></menu>
        </submenu>
        <languages>
            <language tag="fr-FR">admin/language/fr-FR.com_contactmap.ini</language>
            <language tag="en-GB">admin/language/en-GB.com_contactmap.ini</language>
            <language tag="fr-FR">admin/language/fr-FR.com_contactmap.menu.ini</language>
            <language tag="en-GB">admin/language/en-GB.com_contactmap.menu.ini</language>
        </languages>    
        <files folder="admin">
            <filename>admin.contactmap.php</filename>
            <filename>config.xml</filename>
            <filename>controller.php</filename>
            <filename>helper.php</filename>
            <filename>index.html</filename>
            <filename>install.sql</filename>
            <filename>install.nonutf8.sql</filename>
            <filename>uninstall.sql</filename>
            
            <filename>controllers/accueil.php</filename>
            <filename>controllers/css.php</filename>
            <filename>controllers/contactmap.php</filename>
            <filename>controllers/element.php</filename>
            <filename>controllers/marqueurs.php</filename>
            <filename>controllers/index.html</filename>
            
            <filename>elements/article.php</filename>
            <filename>elements/contactmaphead.php</filename>
            <filename>elements/contactmapmap.php</filename>
            <filename>elements/index.html</filename>

            <filename>images/logo_contactmap.png</filename>
            <filename>images/marqueur.png</filename>
            <filename>images/index.html</filename>

            <filename>models/accueil.php</filename>
            <filename>models/css.php</filename>
            <filename>models/contactmap.php</filename>
            <filename>models/contactmaps.php</filename>
            <filename>models/element_lieu.php</filename>
            <filename>models/marqueurs.php</filename>
            <filename>models/index.html</filename>
            
            <filename>tables/contactmap.php</filename>
            <filename>tables/marqueurs.php</filename>
            <filename>tables/index.html</filename>

            <filename>views/index.html</filename>

            <filename>views/accueil/view.html.php</filename>
            <filename>views/accueil/index.html</filename>
            <filename>views/accueil/tmpl/index.html</filename>
            <filename>views/accueil/tmpl/form.php</filename>

            <filename>views/css/view.html.php</filename>
            <filename>views/css/index.html</filename>
            <filename>views/css/tmpl/index.html</filename>
            <filename>views/css/tmpl/form.php</filename>

            <filename>views/contactmap/view.html.php</filename>
            <filename>views/contactmap/index.html</filename>
            <filename>views/contactmap/tmpl/form.php</filename>
            <filename>views/contactmap/tmpl/index.html</filename>
            <filename>views/contactmap/tmpl/upload_form.php</filename>
            
            <filename>views/contactmaps/view.html.php</filename>
            <filename>views/contactmaps/index.html</filename>
            <filename>views/contactmaps/tmpl/default.php</filename>
            <filename>views/contactmaps/tmpl/index.html</filename>

            <filename>views/element_lieu/index.html</filename>
            <filename>views/element_lieu/view.html.php</filename>
            <filename>views/element_lieu/tmpl/index.html</filename>
            <filename>views/element_lieu/tmpl/element.php</filename>
            
            <filename>views/marqueurs/view.html.php</filename>
            <filename>views/marqueurs/index.html</filename>
            <filename>views/marqueurs/tmpl/detail.php</filename>
            <filename>views/marqueurs/tmpl/liste.php</filename>
            <filename>views/marqueurs/tmpl/index.html</filename>

        </files>        
    </administration>
</install>
