<?xml version="1.0" encoding="utf-8"?>
<extension version="2.5" type="plugin" group="system" method="upgrade">
	<name>plg_system_directalias</name>
	<description>PLG_SYSTEM_DIRECTALIAS_XML_DESCRIPTION</description>
	
	<author>AlterBrains</author>
	<copyright>(C) 2009-2013 AlterBrains. All rights reserved.</copyright>
	<license>GNU General Public License version 2 or later; see LICENSE.txt</license>
	<authorEmail>alterbrains@gmail.com</authorEmail>
	<authorUrl>http://alterbrains.com</authorUrl>
	<client>0</client>

	<version>1.0.1</version>
	<creationDate>05/16/2013</creationDate>
	
	<files>
		<filename plugin="directalias">directalias.php</filename>
		<filename>directaliasfield.php</filename>
		<filename>index.html</filename>
	</files>

	<scriptfile>directalias.script.php</scriptfile>
	
	<languages>
		<language tag="en-GB">en-GB.plg_system_directalias.ini</language>
		<language tag="en-GB">en-GB.plg_system_directalias.sys.ini</language>
	</languages>

	<updateservers>
		<server type="collection" priority="1" name="AlterBrains Updates">http://www.alterbrains.com/update.xml</server>
	</updateservers>

</extension>
