<?xml version="1.0" ?>
<joomfish type="contentelement">
  <name>DJ Catalog 2 - Producers</name>
  <author>design-joomla.eu</author>
  <version>2.0</version>
  <description>Definition for DJ Catalog 2 producers table</description>
  <copyright>design-joomla.eu</copyright>
  <reference>
  	<table name="djc2_producers">
  		<field type="referenceid" name="id" translate="0">ID</field>
  		<field type="titletext" name="name" translate="1">Name</field>
		<field type="htmltext" name="description" translate="1">Description</field>
  		<field type="textarea" name="image_url" rows="1" columns="80" translate="0">Image_url</field>
		<field type="text" name="published" translate="0">Published</field>
		<field type="text" name="ordering" translate="0">Ordering</field>
       </table>
  </reference>
</joomfish>
