<?xml version="1.0" ?>
<joomfish type="contentelement">
  <name>DJ Catalog 2 - Items</name>
  <author>design-joomla.eu</author>
  <version>2.0</version>
  <description>Definition for DJ Catalog 2 items table</description>
  <copyright>design-joomla.eu</copyright>
  <reference>
  	<table name="djc2_items">
  		<field type="referenceid" name="id" translate="0">ID</field>
  		<field type="id" name="cat_id" translate="0">Category ID</field>
  		<field type="id" name="producer_id" translate="0">Producer ID</field>
  		<field type="titletext" name="name" translate="1">Name</field>
		<field type="htmltext" name="description" translate="1">Description</field>
  		<field type="htmltext" name="intro_desc" translate="1">Intro</field>
  		<field type="text" name="price" translate="0">Price</field>
  		<field type="textarea" name="image_url" rows="1" columns="80" translate="0">Image_url</field>
  		<field type="textarea" name="files_url" rows="1" columns="80" translate="0">files_url</field>
		<field type="text" name="metakey" length="50" translate="1">Metakey</field>
  		<field type="textarea" name="metadesc"  rows="5" columns="80" translate="1">Metadesc</field>
		<field type="text" name="published" translate="0">Published</field>
		<field type="text" name="ordering" translate="0">Ordering</field>
		<field type="params" name="params" translate="0">Params</field>
       </table>
  </reference>
</joomfish>
