<?xml version="1.0" encoding="utf-8"?>
<install type="module" version="1.5.0">
	<name>MOD_DJC2FRONTPAGE</name>
	<creationDate>May 2010</creationDate>
	<author>Blue Constant Media LTD</author>
	<copyright>Copyright (C) 2010 Blue Constant Media LTD, All rights reserved.</copyright>
	<license> http://www.gnu.org/licenses GNU/GPL</license>
	<authorEmail>contact@design-joomla.eu</authorEmail>
	<authorUrl>http://design-joomla.eu</authorUrl>
	<version>2.2</version>
	<description>MOD_DJC2FRONTPAGE_MODULE_DESCRIPTION</description>
	<languages>
		<language tag="en-GB">en-GB.mod_djc2frontpage.ini</language>
		<language tag="pl-PL">pl-PL.mod_djc2frontpage.ini</language>
		<language tag="es-ES">es-ES.mod_djc2frontpage.ini</language>
	</languages>
	<files>
		<filename module="mod_djc2frontpage">mod_djc2frontpage.php</filename>
					<filename>index.html</filename>
					<filename>helper.php</filename>
					<filename>style.css</filename>
					<filename>ajaxgetter.php</filename>
					<filename>ajaxgetter.js</filename>
					<filename>element/djcategories.php</filename>
					<filename>element/index.html</filename>
					<filename>tmpl/index.html</filename>
					<filename>tmpl/default.php</filename>
	</files>
	<params addpath="/administrator/components/com_djcatalog2/elements">
		<param name="moduleclass_sfx" type="text" default="" label="Module Class Suffix" description="PARAMMODULECLASSSUFFIX" />
		<param name="css" type="list" default="0" label="MOD_DJC2FRONTPAGE_CONFIG_CSSSTYLE" description="MOD_DJC2FRONTPAGE_CONFIG_CSSSTYLE_DESC">
				<option value="0">MOD_DJC2FRONTPAGE_STYLE_DEFAULT</option>
				<option value="1">MOD_DJC2FRONTPAGE_STYLE_LIGHT</option>
			</param>
		<param name="showtitle" type="radio" default="1" label="MOD_DJC2FRONTPAGE_SHOW_TITLE">
			<option value="1">MOD_DJC2FRONTPAGE_YES</option>
			<option value="0">MOD_DJC2FRONTPAGE_NO</option>
		</param>
		<param name="showcattitle" type="radio" default="1" label="MOD_DJC2FRONTPAGE_SHOW_CATTITLE">
			<option value="1">MOD_DJC2FRONTPAGE_YES</option>
			<option value="0">MOD_DJC2FRONTPAGE_NO</option>
		</param>
		<param name="showpagination" type="radio" default="1" label="MOD_DJC2FRONTPAGE_SHOW_PAGINATION">
			<option value="1">MOD_DJC2FRONTPAGE_YES</option>
			<option value="0">MOD_DJC2FRONTPAGE_NO</option>
		</param>
		<param name="orderby" type="list" default="0" label="MOD_DJC2FRONTPAGE_ORDERBY">
			<option value="0">MOD_DJC2FRONTPAGE_ORDERING</option>
			<option value="1">MOD_DJC2FRONTPAGE_NAME</option>
			<option value="2">MOD_DJC2FRONTPAGE_CATEGORY</option>
			<option value="3">MOD_DJC2FRONTPAGE_PRODUCER</option>
			<option value="4">MOD_DJC2FRONTPAGE_PRICE</option>
			<option value="5">MOD_DJC2FRONTPAGE_ID</option>
		</param>
		<param name="orderbydir" type="list" default="0" label="MOD_DJC2FRONTPAGE_ORDERBYDIR">
			<option value="0">MOD_DJC2FRONTPAGE_ASC</option>
			<option value="1">MOD_DJC2FRONTPAGE_DESC</option>
		</param>
		<param name="@spacer" type="spacer" default="" label="" description="" />
		<param name="catsw" type="radio" default="0" label="MOD_DJC2FRONTPAGE_CATEGORIES" >
			<option value="0">MOD_DJC2FRONTPAGE_ALL</option>
			<option value="1">MOD_DJC2FRONTPAGE_SELECTED</option>
		</param>
		<param name="catid" type="djcategories" default="0" label="MOD_DJC2FRONTPAGE_CATEGORIESSWITCH" description="MOD_DJC2FRONTPAGE_CATEGORIES_DESC" />
		<param name="@spacer" type="spacer" default="" label="" description="" />
		<param name="cols" type="text" default="1" label="MOD_DJC2FRONTPAGE_THCOLS" />
		<param name="rows" type="text" default="3" label="MOD_DJC2FRONTPAGE_THROWS" />
		<param name="mainimage" type="list" default="large" label="MOD_DJC2FRONTPAGE_MAINIMAGE" >
			<option value="medium">MOD_DJC2FRONTPAGE_MEDIUM</option>
			<option value="large">MOD_DJC2FRONTPAGE_LARGE</option>
		</param>
		<param name="trunc" type="list"  default="0" label="MOD_DJC2FRONTPAGE_DESCRIPTION_TRUNCATE" description="MOD_DJC2FRONTPAGE_DESCRIPTION_TRUNCATE_DESC" >
				<option value="1">MOD_DJC2FRONTPAGE_YES</option>
				<option value="0">MOD_DJC2FRONTPAGE_NO</option>
			</param>
			<param name="trunclimit" type="text" default="0" label="MOD_DJC2FRONTPAGE_DESCRIPTION_TRUNCATE_LENGTH" description="MOD_DJC2FRONTPAGE_DESCRIPTION_TRUNCATE_LENGTH_DESC" />
		<param name="@spacer" type="spacer" default="" label="" description="" />
		<param name="showfooter" type="radio" default="1" label="MOD_DJC2FRONTPAGE_SHOW_FOOTER">
			<option value="1">MOD_DJC2FRONTPAGE_YES</option>
			<option value="0">MOD_DJC2FRONTPAGE_NO</option>
		</param>
	</params>
</install>