<?xml version="1.0" encoding="utf-8"?>
<extension version="2.5" type="plugin" group="system" overwrite="true">
	<name>plg_system_mobiletemplate</name>
	<author>Yoshiki Kozaki(www.joomler.net)</author>
	<authorEmail>info@joomler.net</authorEmail>
	<authorUrl>http://www.joomler.net</authorUrl>
	<creationDate>Apr 2012</creationDate>
	<copyright>Copyright (C) 2007-2012 Yoshiki Kozaki(www.joomler.net) All rights reserved.</copyright>
	<license>GNU General Public License version 2 or later</license>
	<version>1.8.0</version>
	<description>PLG_SYSTEM_MOBILETEMPLATE_XML_DESCRIPTION</description>
	<files>
		<filename plugin="mobiletemplate">mobiletemplate.php</filename>
	</files>
	<languages>
		<language tag="en-GB">en-GB.plg_system_mobiletemplate.ini</language>
		<language tag="en-GB">en-GB.plg_system_mobiletemplate.sys.ini</language>
	</languages>
	<config>
		<fields name="params">
			<fieldset name="basic">
				<field name="template_name" type="text"
					description="PLG_MOBILETEMPLATE_TEMPLATE_NAME_DESC"
					label="PLG_MOBILETEMPLATE_TEMPLATE_NAME_LABEL"
					default="mobiletemplate"
					size="37"
				/>
			</fieldset>
		</fields>
	</config>
</extension>
