<?xml version="1.0" encoding="UTF-8" ?>
<install version="1.5" type="plugin" group="vmpayment" >
    <name>VMPAYMENT_ALIPAY</name>
    <creationDate>June 29 2012</creationDate>
    <author>The VirtueMart Development Team</author>
    <authorUrl>http://www.virtuemart.net</authorUrl>
    <copyright>Copyright (C) 2004-2012 Virtuemart Team. All rights reserved.</copyright>
    <license>http://www.gnu.org/licenses/gpl-2.0.html GNU/GPL</license>
    <version>2.0.8</version>
    <description><![CDATA[<a href="http://ALIPAY.com" target="_blank">ALIPAY</a> is a popular
	payment provider and available in many countries. ]]>
    </description>

    <files>
	<filename plugin="ALIPAY">alipay.php</filename>
    </files>
    <languages>
	<language tag="en-GB">en-GB.plg_vmpayment_alipay.ini</language>
    </languages>
    <params addpath="/administrator/components/com_virtuemart/elements">
	<param type="vmjpluginwarning" />
	<param	name="payment_logos" type="vmfiles" label="VMPAYMENT_ALIPAY_LOGOS"
             	description="VMPAYMENT_ALIPAY_LOGOS_DESC"
             	directory="/images/stories/virtuemart/payment"
             	default="default" hide_default="1" hide_none="1"
             	stripext="0"  exclude="^_" />
	<param type="text" name="seller_email"  size="50" label="VMPAYMENT_ALIPAY_EMAIL"
             default="your-ALIPAY-seller-email" description="VMPAYMENT_ALIPAY_EMAIL_DESC" />
	<param type="text" name="partner"  size="50" label="VMPAYMENT_ALIPAY_PARTNER"
             default="" description="VMPAYMENT_ALIPAY_PARTNER_DESC" />
	<param type="text" name="key"  size="50" label="VMPAYMENT_ALIPAY_KEY"
             default="" description="VMPAYMENT_ALIPAY_KEY_DESC" />
	<param name="payment_currency" type="vmacceptedcurrency" default="" label="VMPAYMENT_ALIPAY_CURRENCY" description="VMPAYMENT_ALIPAY_CURRENCY_DESC" />
	<param type="spacer" default="" level="level1" />
	<param type="spacer" default="VMPAYMENT_ALIPAY_PAYMENT_PAGE" level="level1" />
	<param name="status_pending" type="vmorderstate" scope="com_virtuemart" default="P" label="VMPAYMENT_ALIPAY_STATUS_PENDING" description="VMPAYMENT_ALIPAY_STATUS_PENDING_EXPLAIN" />
	<param name="status_success" type="vmorderstate" scope="com_virtuemart" default="C" label="VMPAYMENT_ALIPAY_STATUS_SUCCESS" description="VMPAYMENT_ALIPAY_STATUS_SUCCESS_EXPLAIN" />
	<param name="status_canceled" type="vmorderstate" scope="com_virtuemart" default="X" label="VMPAYMENT_ALIPAY_STATUS_FAILED" description="VMPAYMENT_ALIPAY_STATUS_FAILED_EXPLAIN" />
	
    </params>


</install>
