<?xml version="1.0" encoding="utf-8"?>
<extension type="library" version="1.6">
  <libraryname>g11n</libraryname>
  <name>g11n</name>
  <creationDate>08-May-2011</creationDate>
  <author>Nikolai Plath</author>
  <authorEmail>info@nik-it.de</authorEmail>
  <authorUrl>http://nik-it.de</authorUrl>
  <copyright>(C) By Nikolai Plath</copyright>
  <license>http://www.gnu.org/licenses/gpl-2.0.html GNU/GPL</license>
  <version>1.0</version>
  <description>g11n - globalization for Joomla!</description>
  <files folder="site">
    <folder>language</folder>
    <filename>exception.php</filename>
    <filename>extensionhelper.php</filename>
    <filename>g11n_CHANGELOG.php</filename>
    <filename>language.php</filename>
  </files>
  <params/>
  <config/>
</extension>
