<?xml version="1.0" encoding="utf-8"?>
<install type="module" version="1.5.0">
	<name>MOD_DJC2PRODUCERS</name>
	<creationDate>May 2010</creationDate>
	<author>Blue Constant Media LTD</author>
	<copyright>Copyright (C) 2010 Blue Constant Media LTD, All rights reserved.</copyright>
	<license> http://www.gnu.org/licenses GNU/GPL</license>
	<authorEmail>contact@design-joomla.eu</authorEmail>
	<authorUrl>http://design-joomla.eu</authorUrl>
	<version>2.1</version>
	<description>MOD_DJC2PRODUCERS_DESC</description>
	<files>
		<filename module="mod_djc2producers">mod_djc2producers.php</filename>
		<filename>helper.php</filename>
		<filename>index.html</filename>
	</files>
	<params>
		<param name="moduleclass_sfx" type="text" default="" label="Module Class Suffix" description="PARAMMODULECLASSSUFFIX" />
	<param name="layout" type="radio" default="1" label="MOD_DJC2PRODUCERS_LAYOUT">
			<option value="0">MOD_DJC2PRODUCERS_TABLE</option>
			<option value="1">MOD_DJC2PRODUCERS_BLOG</option>
	</param>
	<param name="filter" type="radio" default="1" label="MOD_DJC2PRODUCERS_ISFILTER" description="MOD_DJC2PRODUCERS_ISFILTER_DESC">
			<option value="0">MOD_DJC2PRODUCERS_FILTER_CATEGORY</option>
			<option value="1">MOD_DJC2PRODUCERS_SHOW_FROM_ALL</option>
	</param>
	</params>
</install>