<?xml version="1.0" encoding="utf-8"?>
<install type="xmap_ext" version="1.5.0">
        <name>DJ Catalog 2 plugin</name>
        <author>design-joomla.eu</author>
        <creationDate>May 2010</creationDate>
        <copyright>design-joomla.eu</copyright>
        <license>http://www.gnu.org/copyleft/gpl.html GNU/GPL</license>
        <authorEmail>sales@design-joomla.eu</authorEmail>
        <authorUrl>design-joomla.eu</authorUrl>
        <version>2.1</version>
        <description>Plugin for DJ Catalog 2 component</description>
        <files>
                <filename xmap_ext="com_djcatalog2">com_djcatalog2.php</filename>
        </files>
        <params>
	        <param name="include_categories" type="list" default="1" label="Show Categories" description="Should we include DJ Catalog categories into sitemap?">
	                <option value="0">Never</option>
	                <option value="1">Always</option>
	                <option value="2">In XML Sitemap Only</option>
	                <option value="3">In Site Sitemap Only</option>
			</param>
			<param name="include_items" type="list" default="1" label="Show Items" description="Should we include DJ Catalog items into sitemap?">
	                <option value="0">Never</option>
	                <option value="1">Always</option>
	                <option value="2">In XML Sitemap Only</option>
	                <option value="3">In Site Sitemap Only</option>
			</param>
			<param name="@spacer" type="spacer" default="" label="XML Sitemap" description="Options for the XML sitemap only" />
            <param name="cat_priority" type="list" default="-1" label="Category Priority" description="Set the priority for the categories">
                    <option value="-1">Use Parent Menu Settings</option>
                    <option value="0.0">0.0</option>
                    <option value="0.1">0.1</option>
                    <option value="0.2">0.2</option>
                    <option value="0.3">0.3</option>
                    <option value="0.4">0.4</option>
                    <option value="0.5">0.5</option>
                    <option value="0.6">0.6</option>
                    <option value="0.7">0.7</option>
                    <option value="0.8">0.8</option>
                    <option value="0.9">0.9</option>
                    <option value="1">1</option>
            </param>
            <param name="cat_changefreq" type="list" default="-1" label="Category Change frequency" description="Set the chage frequency for the categories">
                    <option value="-1">Use Parent Menu Settings</option>
                    <option value="always">Always</option>
                    <option value="hourly">Hourly</option>
                    <option value="daily">Daily</option>
                    <option value="weekly">Weekly</option>
                    <option value="monthly">Monthly</option>
                    <option value="yearly">Yearly</option>
                    <option value="never">Never</option>
            </param>
            <param name="link_priority" type="list" default="-1" label="Link Priority" description="Set the priority for the links">
                    <option value="-1">Use Parent Menu Settings</option>
                    <option value="0.0">0.0</option>
                    <option value="0.1">0.1</option>
                    <option value="0.2">0.2</option>
                    <option value="0.3">0.3</option>
                    <option value="0.4">0.4</option>
                    <option value="0.5">0.5</option>
                    <option value="0.6">0.6</option>
                    <option value="0.7">0.7</option>
                    <option value="0.8">0.8</option>
                    <option value="0.9">0.9</option>
                    <option value="1">1</option>
            </param>
            <param name="link_changefreq" type="list" default="-1" label="Link Change frequency" description="Set the chage frequency for the links">
                    <option value="-1">Use Parent Menu Settings</option>
                    <option value="always">Always</option>
                    <option value="hourly">Hourly</option>
                    <option value="daily">Daily</option>
                    <option value="weekly">Weekly</option>
                    <option value="monthly">Monthly</option>
                    <option value="yearly">Yearly</option>
                    <option value="never">Never</option>
            </param>
        </params>
</install>
