<?xml version="1.0" encoding="utf-8"?>
	<form>
		<name>Category Edit Form</name>
		
		
		<params group="cat_info_options" addpath="/administrator/components/com_flexicontent/elements">
			
			<!--param name="language" type="languages" client="site" label="FLEXI_CATEGORY_LANGUAGE" description="FLEXI_CATEGORY_LANGUAGE_DESC" /-->
			<field name="" type="separator" default="FLEXI_CATEGORY_EXTRA" description="FLEXI_CATEGORY_EXTRA_DESC" level="level2" />
			<field name="comments" type="list" default="" label="FLEXI_ENABLE_COMMENTS" description="FLEXI_ENABLE_COMMENTS_DESC">
				<option value="">FLEXI_USE_GLOBAL</option>
				<option value="0">FLEXI_NO</option>
				<option value="1">FLEXI_JCOMMENTS</option>
				<option value="2">FLEXI_JOMCOMMENTS</option>
			</field>
			<field name="automatic_pathways" type="list" default="" label="FLEXI_CREATE_PATHWAYS_AUTOMATICALLY" description="FLEXI_CREATE_PATHWAYS_AUTOMATICALLY_DESC" >
				<option value="">FLEXI_USE_GLOBAL</option>
				<option value="0">FLEXI_NO</option>
				<option value="1">FLEXI_YES</option>
			</field>
			<field name="show_feed_link" type="list" default="" label="FLEXI_ADD_FEED_TO_HEAD" description="FLEXI_ADD_FEED_TO_HEAD_DESC">
				<option value="">FLEXI_USE_GLOBAL</option>
				<option value="0">FLEXI_NO</option>
				<option value="1">FLEXI_YES</option>
			</field>
			<field name="add_canonical" type="list" default="" label="FLEXI_ADD_CANONICAL" description="FLEXI_ADD_CANONICAL_DESC">
				<option value="">FLEXI_USE_GLOBAL</option>
				<option value="0">FLEXI_NO</option>
				<option value="1">FLEXI_YES</option>
			</field>
			
			<field name="" type="separator" default="FLEXI_PARAMETERS_ICONS" label="" level="level2" />
			<field name="show_icons" type="list" default="" label="FLEXI_SHOW_ICONS" description="FLEXI_SHOW_ICONS_DESC" >
				<option value="">FLEXI_USE_GLOBAL</option>
				<option value="0">FLEXI_TEXT</option>
				<option value="1">FLEXI_ICONS</option>
			</field>
			<field name="show_pdf_icon" type="list" default="" label="FLEXI_PDF_ICON" description="FLEXI_PDF_ICON_DESC">
				<option value="">FLEXI_USE_GLOBAL</option>
				<option value="0">FLEXI_Hide</option>
				<option value="1">FLEXI_Show</option>
			</field>
			<field name="show_print_icon" type="list" default="" label="FLEXI_PRINT_ICON" description="FLEXI_PRINT_ICON_DESC">
				<option value="">FLEXI_USE_GLOBAL</option>
				<option value="0">FLEXI_HIDE</option>
				<option value="1">FLEXI_SHOW</option>
			</field>
			<field name="show_email_icon" type="list" default="" label="FLEXI_EMAIL_ICON" description="FLEXI_EMAIL_ICON_DESC">
				<option value="">FLEXI_USE_GLOBAL</option>
				<option value="0">FLEXI_Hide</option>
				<option value="1">FLEXI_Show</option>
			</field>
			<field name="show_feed_icon" type="list" default="" label="FLEXI_SHOW_FEED_ICON" description="FLEXI_SHOW_FEED_ICON_DESC">
				<option value="">FLEXI_USE_GLOBAL</option>
				<option value="0">FLEXI_Hide</option>
				<option value="1">FLEXI_Show</option>
			</field>
			
			<field name="" type="separator" default="FLEXI_CATEGORY_INFO" description="FLEXI_CATEGORY_INFO_DESC" level="level2" />
			<field name="show_cat_title" type="list" default="" label="FLEXI_SHOW_CAT_TITLE" description="FLEXI_SHOW_CAT_TITLE_DESC">
				<option value="">FLEXI_USE_GLOBAL</option>
				<option value="0">FLEXI_Hide</option>
				<option value="1">FLEXI_Show</option>
			</field>
			<field name="title_cut_text" type="text" size="3" default="" label="FLEXI_TITLE_MAXLEN" description="FLEXI_TITLE_MAXLEN_DESC" />
			
			<field name="" type="separator" default="FLEXI_IMAGE" description="..." level="level3" />
			<field name="show_description_image" type="list" default="" label="FLEXI_CAT_IMAGE" description="FLEXI_CAT_IMAGE_DESC">
				<option value="">FLEXI_USE_GLOBAL</option>
				<option value="0">FLEXI_Hide</option>
				<option value="1">FLEXI_Show</option>
			</field>
			<field name="cat_image_source" type="list" default="" label="FLEXI_CATIMAGE_SOURCE" description="FLEXI_CATIMAGE_SOURCE_DESC" >
				<option value="">FLEXI_USE_GLOBAL</option>
				<option value="0">FLEXI_CAT_IMAGE_EXTRACT</option>
				<option value="1">FLEXI_CAT_IMAGE_USEPARAM</option>
				<option value="2">FLEXI_CAT_IMAGE_BOTH</option>
			</field>
			<field name="cat_link_image" type="list" default="" label="FLEXI_LINK_IMAGE" description="FLEXI_LINK_IMAGE_DESC">
				<option value="">FLEXI_USE_GLOBAL</option>
				<option value="0">FLEXI_NO</option>
				<option value="1">FLEXI_YES</option>
			</field>
			<field name="cat_image_method" type="list" default="" label="FLEXI_PROCESSING_METHOD" description="FLEXI_PROCESSING_METHOD_DESC">
				<option value="">FLEXI_USE_GLOBAL</option>
				<option value="0">FLEXI_SCALE</option>
				<option value="1">FLEXI_CROP</option>
			</field>		
			<field name="cat_image_width" type="text" size="4" default="" label="FLEXI_IMAGE_WIDTH" description="FLEXI_IMAGE_WIDTH" />
			<field name="cat_image_height" type="text" size="4" default="" label="FLEXI_IMAGE_HEIGHT" description="FLEXI_IMAGE_HEIGHT" />
			
			<field name="" type="separator" default="FLEXI_DESCRIPTION" description="..." level="level3" />
			<field name="show_description" type="list" default="" label="FLEXI_CAT_DESCRIPTION" description="FLEXI_CAT_DESCRIPTION_DESC">
				<option value="">FLEXI_USE_GLOBAL</option>
				<option value="0">FLEXI_Hide</option>
				<option value="1">FLEXI_Show</option>
			</field>
			<field name="trigger_onprepare_content_cat" type="list" default="" label="FLEXI_ENABLE_TRIGGER_ONPREPARECONTENT_EVENT" description="FLEXI_ENABLE_TRIGGER_ONPREPARECONTENT_EVENT_CAT_DESC">
				<option value="">FLEXI_USE_GLOBAL</option>
				<option value="0">FLEXI_NO</option>
				<option value="1">FLEXI_YES</option>
			</field>
			
			<field name="" type="separator" default="FLEXI_SUBCATEGORY_INFO" description="FLEXI_SUBCATEGORY_INFO_DESC" level="level2" />
			<field name="show_subcategories" type="list" default="" label="FLEXI_SHOW_SUBCATS" description="FLEXI_SHOW_SUBCATS_DESC">
				<option value="">FLEXI_USE_GLOBAL</option>
				<option value="0">FLEXI_HIDE</option>
				<option value="1">FLEXI_SHOW</option>
			</field>
			<field name="show_label_subcats" type="list" default="" label="FLEXI_SHOW_SUBCATS_LABEL" description="FLEXI_SHOW_SUBCATS_LABEL_DESC" >
				<option value="">FLEXI_USE_GLOBAL</option>
				<option value="0">FLEXI_HIDE</option>
				<option value="1">FLEXI_SHOW</option>
			</field>
			<field name="show_itemcount" type="list" default="" label="FLEXI_SHOW_ITEMS_COUNT" description="FLEXI_SHOW_ITEMS_COUNT_DESC">
				<option value="">FLEXI_USE_GLOBAL</option>
				<option value="0">FLEXI_HIDE</option>
				<option value="1">FLEXI_SHOW</option>
			</field>
			<field name="subcat_orderby" type="list" default="order" label="FLEXI_CATEGORY_ORDER" description="FLEXI_CATEGORY_ORDER_DESC">
				<option value="">FLEXI_USE_GLOBAL</option>
				<option value="alpha">FLEXI_ORDER_TITLE_ALPHABETICAL</option>
				<option value="ralpha">FLEXI_ORDER_TITLE_ALPHABETICAL_REVERSE</option>
				<option value="order">FLEXI_ORDER_CONFIGURED_ORDER_CAT</option>
			</field>
			
			<field name="" type="separator" default="FLEXI_IMAGE" description="..." level="level3" />
			<field name="show_description_image_subcat" type="list" default="" label="FLEXI_CAT_IMAGE" description="FLEXI_CAT_IMAGE_DESC">
				<option value="">FLEXI_USE_GLOBAL</option>
				<option value="0">FLEXI_HIDE</option>
				<option value="1">FLEXI_SHOW</option>
			</field>
			<field name="subcat_image_source" type="list" default="" label="FLEXI_CATIMAGE_SOURCE" description="FLEXI_CATIMAGE_SOURCE_DESC" >
				<option value="">FLEXI_USE_GLOBAL</option>
				<option value="0">FLEXI_CAT_IMAGE_EXTRACT</option>
				<option value="1">FLEXI_CAT_IMAGE_USEPARAM</option>
				<option value="2">FLEXI_CAT_IMAGE_BOTH</option>
			</field>
			<field name="subcat_link_image" type="list" default="" label="FLEXI_LINK_IMAGE" description="FLEXI_LINK_IMAGE_DESC">
				<option value="">FLEXI_USE_GLOBAL</option>
				<option value="0">FLEXI_NO</option>
				<option value="1">FLEXI_YES</option>
			</field>
			<field name="subcat_image_method" type="list" default="" label="FLEXI_PROCESSING_METHOD" description="FLEXI_PROCESSING_METHOD_DESC">
				<option value="">FLEXI_USE_GLOBAL</option>
				<option value="0">FLEXI_SCALE</option>
				<option value="1">FLEXI_CROP</option>
			</field>		
			<field name="subcat_image_width" type="text" size="4" default="" label="FLEXI_IMAGE_WIDTH" description="FLEXI_IMAGE_WIDTH" />
			<field name="subcat_image_height" type="text" size="4" default="" label="FLEXI_IMAGE_HEIGHT" description="FLEXI_IMAGE_HEIGHT" />
			
			<field name="" type="separator" default="FLEXI_DESCRIPTION" description="..." level="level3" />
			<field name="show_description_subcat" type="list" default="" label="FLEXI_CAT_DESCRIPTION" description="FLEXI_CAT_DESCRIPTION_DESC">
				<option value="">FLEXI_USE_GLOBAL</option>
				<option value="0">FLEXI_HIDE</option>
				<option value="1">FLEXI_SHOW</option>
			</field>
			<field name="description_cut_text_subcat" type="text" size="3" default="" label="FLEXI_CATDESCR_MAXLEN" description="FLEXI_CATDESCR_MAXLEN_DESC" />
			
			<field name="" type="separator" default="FLEXI_SUBCATEGORY_ENCLOSING" level="level3" />
			<field name="subcat_pretext" type="text" filter="RAW" default="" label="FLEXI_RECORD_PREFIX_TEXT" description="FLEXI_RECORD_PREFIX_TEXT_DESC" />
			<field name="subcat_posttext" type="text" filter="RAW" default="" label="FLEXI_RECORD_SUFFIX_TEXT" description="FLEXI_RECORD_SUFFIX_TEXT_DESC" />
			<field name="subcat_separatorf" type="list" default="" label="FLEXI_RECORD_SEPARATOR" description="FLEXI_RECORD_SEPARATOR_DESC">
				<option value="">FLEXI_USE_GLOBAL</option>
				<option value="0">FLEXI_SPACE</option>
				<option value="1">FLEXI_LINE_BREAK</option>
				<option value="2">FLEXI_PIPE</option>
				<option value="3">FLEXI_COMMA</option>
				<option value="4">FLEXI_CONVERT_OPEN_CLOSE_TEXTS_TO_SEPARATOR</option>
				<option value="5">FLEXI_NOCHAR_EMPTY_SEPARATOR</option>
			</field>
			<field name="subcat_opentag" type="text" filter="RAW" default="" label="FLEXI_RECORD_LIST_OPENING_TEXT" description="FLEXI_RECORD_LIST_OPENING_TEXT_DESC" />
			<field name="subcat_closetag" type="text" filter="RAW" default="" label="FLEXI_RECORD_LIST_CLOSING_TEXT" description="FLEXI_RECORD_LIST_CLOSING_TEXT_DESC" />
			
		</params>
		
		<params group="cat_items_list" addpath="/administrator/components/com_flexicontent/elements">
			
			<field name="" type="separator" default="FLEXI_ITEMS_LIST" description="FLEXI_ITEMS_LIST_DESC" level="level2" />
			<field name="show_addbutton" type="list" default="" label="FLEXI_SHOW_ADD_TO_LIST_BUTTON" description="FLEXI_SHOW_ADD_TO_LIST_BUTTON_DESC" >
				<option value="">FLEXI_USE_GLOBAL</option>
				<option value="0">FLEXI_Hide</option>
				<option value="1">FLEXI_Show</option>
			</field>
			<field name="show_editbutton" type="list" default="" label="FLEXI_SHOW_EDIT_BUTTON" description="FLEXI_SHOW_EDIT_BUTTON_DESC">
				<option value="">FLEXI_USE_GLOBAL</option>
				<option value="0">FLEXI_Hide</option>
				<option value="1">FLEXI_Show</option>
			</field>
			<field name="show_comments_count" type="list" default="" label="FLEXI_SHOW_COMMENTS_COUNTER" description="FLEXI_SHOW_COMMENTS_COUNTER_DESC">
				<option value="">FLEXI_USE_GLOBAL</option>
				<option value="0">FLEXI_HIDE</option>
				<option value="1">FLEXI_SHOW</option>
			</field>
			<field name="show_title_lists" type="list" default="" label="FLEXI_SHOWTITLE_IN_LISTS" description="FLEXI_SHOWTITLE_IN_LISTS_DESC">
				<option value="">FLEXI_USE_GLOBAL</option>
				<option value="0">FLEXI_Hide</option>
				<option value="1">FLEXI_Show</option>
			</field>
			<field name="link_titles_lists" type="list" default="" label="FLEXI_LINKED_TITLES_IN_LISTS" description="FLEXI_LINKED_TITLES_IN_LISTS_DESC">
				<option value="">FLEXI_USE_GLOBAL</option>
				<option value="0">FLEXI_NO</option>
				<option value="1">FLEXI_YES</option>
			</field>
			<field name="force_full" type="list" default="" label="FLEXI_FORCE_FULLTXT" description="FLEXI_FORCE_FULLTXT_DESC">
				<option value="">FLEXI_USE_GLOBAL</option>
				<option value="0">FLEXI_NO</option>
				<option value="1">FLEXI_YES</option>
			</field>
			<field name="show_readmore" type="list" default="" label="FLEXI_Read_More_Link" description="FLEXI_TIPIFSETTOSHOWREADMORELINK">
				<option value="">FLEXI_USE_GLOBAL</option>
				<option value="0">FLEXI_Hide</option>
				<option value="1">FLEXI_Show</option>
			</field>
			
			<field name="" type="separator" default="FLEXI_ITEMS_ORDER" description="FLEXI_ITEMS_ORDER_DESC" level="level2" />
			<field name="orderby" type="list" default="" label="FLEXI_PRIMARY_ORDER" description="FLEXI_PRIMARY_ORDER_DESC">
				<option value="">FLEXI_USE_GLOBAL</option>
				<option value="date">FLEXI_ORDER_OLDEST_FIRST</option>
				<option value="rdate">FLEXI_ORDER_MOST_RECENT_FIRST</option>
				<option value="modified">FLEXI_ORDER_LAST_MODIFIED_FIRST</option>
				<option value="alpha">FLEXI_ORDER_TITLE_ALPHABETICAL</option>
				<option value="ralpha">FLEXI_ORDER_TITLE_ALPHABETICAL_REVERSE</option>
				<option value="author">FLEXI_ORDER_AUTHOR_ALPHABETICAL</option>
				<option value="rauthor">FLEXI_ORDER_AUTHOR_ALPHABETICAL_REVERSE</option>
				<option value="hits">FLEXI_ORDER_MOST_HITS</option>
				<option value="rhits">FLEXI_ORDER_LEAST_HITS</option>
				<option value="id">FLEXI_ORDER_HIGHEST_ITEM_ID</option>
				<option value="rid">FLEXI_ORDER_LOWEST_ITEM_ID</option>
				<option value="commented">FLEXI_ORDER_MOST_COMMENTED</option>
				<option value="rated">FLEXI_ORDER_BEST_RATED</option>
				<option value="order">FLEXI_ORDER_CONFIGURED_ORDER</option>
			</field>
			<field name="" type="separator" default="FLEXI_CUSTOM_ORDER" description="" level="level3" />
			<field name="orderbycustomfieldid" type="fields" exclude_field_type="toolbar,file,image" isnotcore="1" default="0" label="FLEXI_PRIMARY_ORDER_CUSTOM_FIELD_ID" description="FLEXI_PRIMARY_ORDER_CUSTOM_FIELD_ID_DESC" />
			<field name="orderbycustomfielddir" type="list" default="" label="FLEXI_PRIMARY_ORDER_CUSTOM_FIELD_DIR" description="FLEXI_PRIMARY_ORDER_CUSTOM_FIELD_DIR_DESC" >
				<option value="">FLEXI_USE_GLOBAL</option>
				<option value="ASC">FLEXI_ASC</option>
				<option value="DESC">FLEXI_DESC</option>
			</field>
			<field name="orderbycustomfieldint" type="list" default="" label="FLEXI_PRIMARY_ORDERING_METHOD" description="FLEXI_PRIMARY_ORDERING_METHOD_DESC" >
				<option value="">FLEXI_USE_GLOBAL</option>
				<option value="0">FLEXI_ALPHANUMERIC</option>
				<option value="1">FLEXI_NUMERIC</option>
			</field>
			
			<field name="" type="separator" default="FLEXI_ITEMS_RETIEVAL" description="FLEXI_ITEMS_RETIEVAL_DESC" level="level2" />
			<field name="show_noauth" type="list" default="" label="FLEXI_Show_UnAuthorized_Links" description="FLEXI_SHOW_UNAUTHORIZED_LINKS_DESC">
				<option value="">FLEXI_USE_GLOBAL</option>
				<option value="0">FLEXI_Hide</option>
				<option value="1">FLEXI_Show</option>
			</field>
			<field name="display_subcategories_items" type="list" default="" label="FLEXI_DISPLAY_SUBCATS" description="FLEXI_DISPLAY_SUBCATS_DESC"> 
				<option value="">FLEXI_USE_GLOBAL</option>
				<option value="0">FLEXI_NO</option> 
				<option value="1">FLEXI_DISPLAY_SUBCATS_1ST_SUBLEVEL</option> 
				<option value="2">FLEXI_DISPLAY_SUBCATS_ALL_SUBLEVELS</option> 
			</field>
			<field name="filtercat" type="list" default="" label="FLEXI_FILTER_ITEM_BY_LANG" description="FLEXI_FILTER_ITEM_BY_LANG_DESC" >
				<option value="">FLEXI_USE_GLOBAL</option>
				<option value="0">FLEXI_NO</option>
				<option value="1">FLEXI_YES</option>
			</field>

			<field name="" type="separator" default="FLEXI_PAGINATION" description="FLEXI_PAGINATION_DESC" level="level2" />
			<field name="show_item_total" type="list" default="" label="FLEXI_SHOW_ITEM_TOTAL" description="FLEXI_SHOW_ITEM_TOTAL_DESC">
				<option value="">FLEXI_USE_GLOBAL</option>
				<option value="0">FLEXI_Hide</option>
				<option value="1">FLEXI_Show</option>
			</field>
			<field name="limit" type="text" size="4" default="" label="FLEXI_NUM_PER_PAGE" description="FLEXI_NUM_PER_PAGE_DESC"/>
			<field name="show_pagination" type="list" default="" label="FLEXI_PAGINATION" description="FLEXI_PAGINATION_DESC">
				<option value="">FLEXI_USE_GLOBAL</option>
				<option value="0">FLEXI_Hide</option>
				<option value="1">FLEXI_Show</option>
				<option value="2">FLEXI_Auto</option>
			</field>
			<field name="show_pagination_results" type="list" default="" label="FLEXI_PAGINATION_RES" description="FLEXI_PAGINATION_RES_DESC">
				<option value="">FLEXI_USE_GLOBAL</option>
				<option value="0">FLEXI_Hide</option>
				<option value="1">FLEXI_Show</option>
			</field>
			
			<field name="" type="separator" default="FLEXI_FRONTEND_OVERRIDES" description="FLEXI_FRONTEND_OVERRIDES_DESC" level="level2" />
			<field name="limit_override" type="list" default="" label="FLEXI_NUM_PER_PAGE" description="FLEXI_NUM_PER_PAGE_DESC">
				<option value="">FLEXI_USE_GLOBAL</option>
				<option value="0">FLEXI_NO</option>
				<option value="1">FLEXI_YES</option>
			</field>
			<field name="orderby_override" type="list" default="" label="FLEXI_PRIMARY_ORDER" description="FLEXI_PRIMARY_ORDER_DESC">
				<option value="">FLEXI_USE_GLOBAL</option>
				<option value="0">FLEXI_NO</option>
				<option value="1">FLEXI_YES</option>
			</field>
			<field name="" type="separator" default="FLEXI_AVAILABLE_OPTIONS" description="" level="level3" />
			<field name="limit_options" type="text" default="" size="52" label="FLEXI_NUM_PER_PAGE_OPTIONS" description="FLEXI_NUM_PER_PAGE_OPTIONS_DESC" />
			<field name="orderby_options" type="fccheckbox" default="" display_useglobal="1"
				checkoptions="FLEXI_ORDER_DEFAULT_INITIAL,FLEXI_ORDER_OLDEST_FIRST,FLEXI_ORDER_MOST_RECENT_FIRST,FLEXI_ORDER_LAST_MODIFIED_FIRST,FLEXI_ORDER_TITLE_ALPHABETICAL,FLEXI_ORDER_TITLE_ALPHABETICAL_REVERSE,FLEXI_ORDER_AUTHOR_ALPHABETICAL,FLEXI_ORDER_AUTHOR_ALPHABETICAL_REVERSE,FLEXI_ORDER_MOST_HITS,FLEXI_ORDER_LEAST_HITS,FLEXI_ORDER_HIGHEST_ITEM_ID,FLEXI_ORDER_LOWEST_ITEM_ID,FLEXI_ORDER_MOST_COMMENTED,FLEXI_ORDER_BEST_RATED,FLEXI_ORDER_CONFIGURED_ORDER"
				checkvals="_preconfigured_,date,rdate,modified,alpha,ralpha,author,rauthor,hits,rhits,id,rid,commented,rated,order" defaultvals=""
				label="FLEXI_PRIMARY_ORDER_OPTIONS" description="FLEXI_PRIMARY_ORDER_OPTIONS_DESC" />
			
		</params>
		
		<params group="cat_item_markups" addpath="/administrator/components/com_flexicontent/elements">
			
			<field name="" type="separator" default="FLEXI_MU_CATEGORY" description="FLEXI_MU_CATEGORY_DESC" level="level2" />
			<field name="mu_addcss_cats" type="fccheckbox" default="" display_useglobal="1" label="FLEXI_MU_ADD_MARKUP" description="FLEXI_MU_ADD_MARKUP_DESC"
				checkoptions="FLEXI_MU_FEATURED_CATS,FLEXI_MU_OTHER_CATS" checkvals="featured,other" defaultvals="" />
				
			<field name="mu_addtext_cats" type="list" default="" label="FLEXI_MU_ADD_TXT_CAT_TITLE" description="FLEXI_MU_ADD_TXT_CAT_TITLE_DESC" >
				<option value="">FLEXI_USE_GLOBAL</option>
				<option value="0">FLEXI_NO</option>
				<option value="1">FLEXI_YES</option>
			</field>
			
			<field name="" type="separator" default="FLEXI_MU_ACCLVL" description="FLEXI_MU_ACCLVL_DESC" level="level2" />
			
			<field name="mu_addcss_acclvl" type="fccheckbox" default="" display_useglobal="1" label="FLEXI_MU_ADD_MARKUP" description="FLEXI_MU_ADD_MARKUP_DESC"
				checkoptions="FLEXI_MU_NO_ACC,FLEXI_MU_FREE_ACC,FLEXI_MU_NEEDED_ACCLVL,FLEXI_MU_OBTAINED_ACCLVL" checkvals="no_acc,free_acc,needed_acc,obtained_acc" defaultvals="" />
				
			<field name="mu_add_condition_obtainded_acc" type="list" default="" label="FLEXI_MU_ADD_CONDITION_OBTAINDED_ACCLVL" description="FLEXI_MU_ADD_CONDITION_OBTAINDED_ACCLVL_DESC" >
				<option value="">FLEXI_USE_GLOBAL</option>
				<option value="0">FLEXI_MU_ONLY_IF_VIEWABLE</option>
				<option value="1">FLEXI_MU_ALWAYS</option>
			</field>
			
			<field name="mu_addtext_acclvl" type="fccheckbox" default="" display_useglobal="0" label="FLEXI_MU_ADD_TXT_ACC" description="FLEXI_MU_ADD_TXT_ACC_DESC"
				checkoptions="FLEXI_MU_NO_ACC,FLEXI_MU_FREE_ACC,FLEXI_MU_NEEDED_ACCLVL,FLEXI_MU_OBTAINED_ACCLVL" checkvals="no_acc,free_acc,needed_acc,obtained_acc" defaultvals="no_acc,free_acc,needed_acc,obtained_acc" />
			
			<field name="mu_no_acc_text" type="text" size="60" default="" label="FLEXI_MU_NO_ACC_TEXT" description="FLEXI_MU_NO_ACC_TEXT_DESC" />
			<field name="mu_free_acc_text" type="text" size="60" default="" label="FLEXI_MU_FREE_ACC_TEXT" description="FLEXI_MU_FREE_ACC_TEXT_DESC" />
			
			<field name="" type="separator" default="FLEXI_MU_RADDED" description="FLEXI_MU_RADDED_DESC" level="level2" />
			<field name="mu_addcss_radded" type="list" default="" label="FLEXI_MU_ADD_MARKUP" description="FLEXI_MU_ADD_MARKUP_DESC" >
				<option value="">FLEXI_USE_GLOBAL</option>
				<option value="0">FLEXI_NO</option>
				<option value="1">FLEXI_YES</option>
			</field>
			<field name="mu_addtext_radded" type="list" default="" label="FLEXI_MU_ADD_TXT_TIMEFRAME_NAME" description="FLEXI_MU_ADD_TXT_TIMEFRAME_NAME_DESC" >
				<option value="">FLEXI_USE_GLOBAL</option>
				<option value="0">FLEXI_NO</option>
				<option value="1">FLEXI_YES</option>
			</field>
			<field name="" type="separator" default="FLEXI_MU_RADDED_TIMEFRAMES_CONF" description="FLEXI_MU_RADDED_TIMEFRAMES_CONF_DESC" level="level3" />
			<field name="mu_ra_timeframe_intervals" type="text" size="60" default="" label="FLEXI_MU_RADDED_TIMEFRAME_INTERVALS" description="FLEXI_MU_RADDED_TIMEFRAME_INTERVALS_DESC" />
			<field name="mu_ra_timeframe_names" type="textarea" rows="4" cols="60" default="" label="FLEXI_MU_RADDED_TIMEFRAME_NAMES" description="FLEXI_MU_RADDED_TIMEFRAME_NAMES_DESC" />
			
		</params>
		
		<params group="cat_item_filtering" addpath="/administrator/components/com_flexicontent/elements">
			
			<field name="" type="separator" default="FLEXI_SEARCH_FILTER_FORM" description="" level="level2" hr="false" />
			<field name="show_search_go" type="list" default="" label="FLEXI_SEARCH_GO_BUTTON" description="FLEXI_SEARCH_GO_BUTTON_DESC" >
				<option value="">FLEXI_USE_GLOBAL</option>
				<option value="0">FLEXI_AUTO</option>
				<option value="1">FLEXI_SHOW</option>
			</field>
			<field name="show_search_reset" type="list" default="" label="FLEXI_SEARCH_RESET_BUTTON" description="FLEXI_SEARCH_RESET_BUTTON_DESC" >
				<option value="">FLEXI_USE_GLOBAL</option>
				<option value="0">FLEXI_HIDE</option>
				<option value="1">FLEXI_SHOW</option>
			</field>
			<field name="filter_autosubmit" type="list" default="" label="FLEXI_FILTER_FORM_AUTO_SUBMIT" description="FLEXI_FILTER_FORM_AUTO_SUBMIT_DESC" >
				<option value="">FLEXI_USE_GLOBAL</option>
				<option value="0">FLEXI_NO</option>
				<option value="1">FLEXI_YES</option>
			</field>
			<field name="filter_instructions" type="list" default="" label="FLEXI_SEARCH_FILTER_INSTRUCTIONS" description="FLEXI_SEARCH_FILTER_INSTRUCTIONS_DESC" >
				<option value="">FLEXI_USE_GLOBAL</option>
				<option value="0">FLEXI_HIDE</option>
				<option value="1">FLEXI_YES_AS_TIP</option>
				<option value="2">FLEXI_YES_AS_INLINE</option>
			</field>
			<field name="filter_placement" type="list" default="" label="FLEXI_ONE_RECORD_PER_ROW" description="FLEXI_ONE_RECORD_PER_ROW_DESC" >
				<option value="">FLEXI_USE_GLOBAL</option>
				<option value="2">FLEXI_YES_BUT_FILTER_BELOW_LABEL</option>
				<option value="1">FLEXI_YES</option>
				<option value="0">FLEXI_NO_USE_SEPARATOR</option>
			</field>
			
			<field name="" type="separator" default="FLEXI_FILTER_ENCLOSING" level="level3" />
			<field name="filter_pretext" type="text" filter="RAW" default="" label="FLEXI_RECORD_PREFIX_TEXT" description="FLEXI_RECORD_PREFIX_TEXT_DESC" />
			<field name="filter_posttext" type="text" filter="RAW" default="" label="FLEXI_RECORD_SUFFIX_TEXT" description="FLEXI_RECORD_SUFFIX_TEXT_DESC" />
			<field name="filter_opentag" type="text" filter="RAW" default="" label="FLEXI_RECORD_LIST_OPENING_TEXT" description="FLEXI_RECORD_LIST_OPENING_TEXT_DESC" />
			<field name="filter_closetag" type="text" filter="RAW" default="" label="FLEXI_RECORD_LIST_CLOSING_TEXT" description="FLEXI_RECORD_LIST_CLOSING_TEXT_DESC" />
			<field name="filter_separatorf" type="list" default="" label="FLEXI_RECORD_SEPARATOR_IGNORED" description="FLEXI_RECORD_SEPARATOR_IGNORED_DESC" >
				<option value="">FLEXI_USE_GLOBAL</option>
				<option value="0">FLEXI_SPACE</option>
				<option value="1">FLEXI_LINE_BREAK</option>
				<option value="2">FLEXI_PIPE</option>
				<option value="3">FLEXI_COMMA</option>
				<option value="4">FLEXI_CONVERT_OPEN_CLOSE_TEXTS_TO_SEPARATOR</option>
				<option value="5">FLEXI_NOCHAR_EMPTY_SEPARATOR</option>
			</field>
			
			<field name="" type="separator" default="FLEXI_TEXT_SEARCH" description="FLEXI_TEXT_SEARCH_DESC" level="level2" hr="false" />
			<field name="use_search" type="list" default="" label="FLEXI_SHOW_SEARCH" description="FLEXI_SHOW_SEARCH_DESC" >
				<option value="">FLEXI_USE_GLOBAL</option>
				<option value="0">FLEXI_NO</option>
				<option value="1">FLEXI_YES</option>
			</field>
			<field name="show_search_label" type="list" default="" label="FLEXI_TEXT_SEARCH_LABEL" description="FLEXI_TEXT_SEARCH_LABEL_DESC" >
				<option value="">FLEXI_USE_GLOBAL</option>
				<option value="0">FLEXI_HIDE</option>
				<option value="1">FLEXI_OUTSIDE_INPUT</option>
				<option value="2">FLEXI_INSIDE_INPUT</option>
			</field>
			<field name="show_searchphrase" type="radio" default="" label="FLEXI_SEARCHWORD_COMBINATION" description="FLEXI_SEARCHWORD_COMBINATION_DESC" >
				<option value="">FLEXI_USE_GLOBAL</option>
				<option value="0">FLEXI_HIDE</option>
				<option value="1">FLEXI_SHOW</option>
			</field>
			<field name="default_searchphrase" type="list" default="" label="FLEXI_SEARCHWORD_DEFAULT_COMBINATION" description="FLEXI_SEARCHWORD_DEFAULT_COMBINATION_DESC" >
				<option value="">FLEXI_USE_GLOBAL</option>
				<option value="natural">FLEXI_NATURAL_PHRASE</option>
				<option value="natural_expanded">FLEXI_NATURAL_PHRASE_GUESS_RELEVANT</option>
				<option value="all">FLEXI_ALL_WORDS</option>
				<option value="any">FLEXI_ANY_WORDS</option>
				<option value="exact">FLEXI_EXACT_PHRASE</option>
			</field>
			<field name="search_autocomplete" type="list" default="" label="FLEXI_SEARCHWORD_AUTOCOMPLETE" description="FLEXI_SEARCHWORD_AUTOCOMPLETE_DESC" menu="hide" >
				<option value="">FLEXI_USE_GLOBAL</option>
				<option value="0">FLEXI_NO</option>
				<option value="1">FLEXI_AUTOCOMPLETE_SIMPLE</option>
				<option value="2">FLEXI_AUTOCOMPLETE_TAG_LIKE</option>
			</field>
			
			<field name="" type="separator" default="FLEXI_FIELD_FILTERING" description="FLEXI_FIELD_FILTERING_DESC" level="level2" hr="false" />
			<field name="use_filters" type="list" default="" label="FLEXI_DISPLAY_FILTERS" description="FLEXI_DISPLAY_FILTERS_DESC" >
				<option value="">FLEXI_USE_GLOBAL</option>
				<option value="0">FLEXI_NO</option>
				<option value="1">FLEXI_YES</option>
			</field>
			<field name="filters" type="filters" size="5" columns="20" multiple="true" default="" label="FLEXI_SELECT_FILTERS" description="FLEXI_SELECT_FILTERS_DESC" />
			<field name="show_filter_labels" type="list" default="" label="FLEXI_FILTER_LABELS" description="FLEXI_FILTER_LABELS_DESC" >
				<option value="">FLEXI_USE_GLOBAL</option>
				<option value="0">FLEXI_FIELD_CONFIGURED_BEHAVIOR</option>
				<option value="1">FLEXI_OUTSIDE_FILTER</option>
				<option value="2">FLEXI_INSIDE_FILTER</option>
			</field>
			<field name="initial_filters" default="" type="textarea" rows="5" cols="32" label="FLEXI_INITIAL_FILTER_VALUES" description="FLEXI_INITIAL_FILTER_VALUES_DESC" />

			<field name="" type="separator" default="FLEXI_LOCKED_FILTERS" description="" level="level3" />
			<field name="use_persistent_filters" type="list" default="" label="FLEXI_USE_LOCKED_FILTERS" description="FLEXI_USE_LOCKED_FILTERS_DESC" >
				<option value="">FLEXI_USE_GLOBAL</option>
				<option value="0">FLEXI_NO</option>
				<option value="1">FLEXI_YES</option>
			</field>
			<field name="persistent_filters" default="" type="textarea" rows="5" cols="32" label="FLEXI_LOCKED_FILTER_VALUES" description="FLEXI_LOCKED_FILTER_VALUES_DESC" />
			
			<field name="" type="separator" default="FLEXI_ALPHA_INDEX" description="FLEXI_ALPHA_INDEX_DESC" level="level2" />
			<field name="show_alpha" type="alphaindex" default="" use_global="1" label="FLEXI_SHOW_ALPHA" description="FLEXI_SHOW_ALPHA_DESC" />
			<field name="alphacharacters" type="textarea" default="[default]=a,b,c,d,e,f,g,h,i,j,k,l,m,n,o,p,q,r,s,t,u,v,w,y,z!!0,1,2,3,4,5,6,7,8,9" label="FLEXI_CUSTOM_ALPHA_INDEX_CHARS" description="FLEXI_CUSTOM_ALPHA_INDEX_CHARS_DESC" rows="4" cols="30" />
			<field name="alphagrpcssclasses" type="textarea" default="letters!!numbers" label="FLEXI_CUSTOM_ALPHA_INDEX_GRPCSSCLASSES" description="FLEXI_CUSTOM_ALPHA_INDEX_GRPCSSCLASSES_DESC" rows="2" cols="30" />
			<field name="alphacharseparator" type="text" default="" label="FLEXI_CUSTOM_ALPHA_INDEX_SEPARATOR" description="FLEXI_CUSTOM_ALPHA_INDEX_SEPARATOR_DESC" />
			<field name="alphaaliases" type="text" default="" label="FLEXI_CUSTOM_ALPHA_ALIASES" description="FLEXI_CUSTOM_ALPHA_ALIASES_DESC" />
			<field name="alphaskipempty" type="list" default="" label="FLEXI_CUSTOM_ALPHA_SKIP_EMPTY" description="FLEXI_CUSTOM_ALPHA_SKIP_EMPTY_DESC" >
				<option value="">FLEXI_USE_GLOBAL</option>
				<option value="0">FLEXI_NO</option>
				<option value="1">FLEXI_YES</option>
			</field>
			
		</params>
		
		<params group="cat_rss_feeds" addpath="/administrator/components/com_flexicontent/elements">
			
			<field name="feed_summary" type="list" default="" label="FLEXI_SHOW_FEED" description="FLEXI_SHOW_FEED_DESC" >
				<option value="">FLEXI_USE_GLOBAL</option>
				<option value="0">FLEXI_INTRO_TEXT</option>
				<option value="1">FLEXI_FULL_TEXT</option>
			</field>
			<field name="feed_summary_cut" type="text" size="4" default="" label="FLEXI_FEED_SUMMARY_MAXLEN" description="FLEXI_FEED_SUMMARY_MAXLEN_DESC" />
			<field name="feed_use_image" type="list" default="" label="FLEXI_USE_IMAGE" description="FLEXI_USE_IMAGE_DESC" >
				<option value="">FLEXI_USE_GLOBAL</option>
				<option value="0">FLEXI_NO</option>
				<option value="1">FLEXI_YES</option>
			</field>
			<field name="feed_image_source" type="fcimage" valcolumn="id" size="10" default="" label="FLEXI_IMAGE_SOURCE" description="FLEXI_IMAGE_SOURCE_DESC" />
			<field name="feed_link_image" type="list" default="" label="FLEXI_LINK_IMAGE" description="FLEXI_LINK_IMAGE_DESC" >
				<option value="">FLEXI_USE_GLOBAL</option>
				<option value="0">FLEXI_NO</option>
				<option value="1">FLEXI_YES</option>
			</field>
			<field name="feed_image_size" type="list" default="" label="FLEXI_INTRO_IMAGE_SIZE" description="FLEXI_INTRO_IMAGE_SIZE_DESC">
				<option value="">FLEXI_USE_PARAMS</option>
				<option value="s">FLEXI_SMALL</option>
				<option value="m">FLEXI_MEDIUM</option>
				<option value="l">FLEXI_LARGE</option>
			</field>
			<field name="feed_image_width" type="text" size="4" default="" label="FLEXI_IMAGE_WIDTH" description="FLEXI_IMAGE_WIDTH" />
			<field name="feed_image_height" type="text" size="4" default="" label="FLEXI_IMAGE_HEIGHT" description="FLEXI_IMAGE_HEIGHT" />
			<field name="feed_image_method" type="list" default="" label="FLEXI_PROCESSING_METHOD" description="FLEXI_PROCESSING_METHOD_DESC" >
				<option value="">FLEXI_USE_GLOBAL</option>
				<option value="0">FLEXI_SCALE</option>
				<option value="1">FLEXI_CROP</option>
			</field>		
			
		</params>
		
		<params group="cat_notifications_conf" label="FLEXI_EMAIL_NOTIFICATIONS_ASSIGNED_ITEM_CONF" addpath="/administrator/components/com_flexicontent/elements">
			
			<field name="" type="separator" default="FLEXI_CONTENT_NOTIFICATIONS_CONF" label="" level="level1" />
			
			<field name="cats_enable_notifications" type="list" default="1" label="FLEXI_ENABLE_SUBMIT_UPDATE_NOTIFICATIONS_CAT" description="FLEXI_ENABLE_SUBMIT_UPDATE_NOTIFICATIONS_CAT_DESC" >
				<option value="0">FLEXI_NO</option>
				<option value="1">FLEXI_YES</option>
			</field>
				
			<field name="" type="separator" default="FLEXI_NOTIFY_UGRP_NEW_CONTENT_SUBMITTED" description="FLEXI_NOTIFY_UGRP_NEW_CONTENT_SUBMITTED_desc" label="" level="level2" />
			<field name="cats_usergrps_notify_new_fa" type="flexiusergroup" fagrps="1" multiple="true" default="" label="FLEXI_USERGROUPS_FA" description="FLEXI_USERGROUPS_DESC" />
			<field name="cats_usergrps_notify_new" type="flexiusergroup" multiple="true" default="" label="FLEXI_USERGROUPS" description="FLEXI_USERGROUPS_DESC" />
			<field name="cats_userlist_notify_new" type="text" default="" label="FLEXI_USERLIST" description="FLEXI_USERLIST_DESC" />
				
			<field name="" type="separator" default="FLEXI_NOTIFY_UGRP_NEW_CONTENT_PENDING" description="FLEXI_NOTIFY_UGRP_NEW_CONTENT_PENDING_DESC" label="" level="level2" />
			<field name="cats_usergrps_notify_new_pending_fa" type="flexiusergroup" fagrps="1" multiple="true" default="" label="FLEXI_USERGROUPS_FA" description="FLEXI_USERGROUPS_DESC" />
			<field name="cats_usergrps_notify_new_pending" type="flexiusergroup" multiple="true" default="" label="FLEXI_USERGROUPS" description="FLEXI_USERGROUPS_DESC" />
			<field name="cats_userlist_notify_new_pending" type="text" default="" label="FLEXI_USERLIST" description="FLEXI_USERLIST_DESC" />
				
			<field name="" type="separator" default="FLEXI_NOTIFY_UGRP_EXISTING_CONTENT_UPDATED" description="FLEXI_NOTIFY_UGRP_EXISTING_CONTENT_UPDATED_DESC" label="" level="level2" />
			<field name="cats_usergrps_notify_existing_fa" type="flexiusergroup" fagrps="1" multiple="true" default="" label="FLEXI_USERGROUPS_FA" description="FLEXI_USERGROUPS_DESC" />
			<field name="cats_usergrps_notify_existing" type="flexiusergroup" multiple="true" default="" label="FLEXI_USERGROUPS" description="FLEXI_USERGROUPS_DESC" />
			<field name="cats_userlist_notify_existing" type="text" default="" label="FLEXI_USERLIST" description="FLEXI_USERLIST_DESC" />
				
			<field name="" type="separator" default="FLEXI_NOTIFY_UGRP_EXISTING_CONTENT_TOREVIEW" description="FLEXI_NOTIFY_UGRP_EXISTING_CONTENT_TOREVIEW_DESC" label="" level="level2" />
			<field name="cats_usergrps_notify_existing_reviewal_fa" type="flexiusergroup" fagrps="1" multiple="true" default="" label="FLEXI_USERGROUPS_FA" description="FLEXI_USERGROUPS_DESC" />
			<field name="cats_usergrps_notify_existing_reviewal" type="flexiusergroup" multiple="true" default="" label="FLEXI_USERGROUPS" description="FLEXI_USERGROUPS_DESC" />
			<field name="cats_userlist_notify_existing_reviewal" type="text" default="" label="FLEXI_USERLIST" description="FLEXI_USERLIST_DESC" />
				
		</params>
	
	
	<params group="templates" addpath="/administrator/components/com_flexicontent/elements">	
		<!-- Please do not change default category layout 'blog', as currently, it is hard coded in (a) the frontend category's view.html.php and (b) in the backend category manager listing -->
		<field name="clayout" type="categorylayout" default="blog" label="FLEXI_CHOOSE_SPECIFIC_CATEGORY_LAYOUT" description="FLEXI_CHOOSE_SPECIFIC_CATEGORY_LAYOUT_DESC" />
		<field name="clayout_mobile" type="categorylayout" skipparams="1" enableparam="use_mobile_layouts" firstoption="FLEXI_USE_DESKTOP" default="" label="FLEXI_CHOOSE_SPECIFIC_MOBILE_LAYOUT" description="FLEXI_CHOOSE_SPECIFIC_MOBILE_LAYOUT_DESC" />
	</params> 
	
</form>