<?xml version="1.0" encoding="utf-8"?>
<!DOCTYPE install PUBLIC "-//Joomla! 1.6//DTD template 1.0//EN" "http://www.joomla.org/xml/dtd/1.6/template-install.dtd">
<extension
	version="2.5"
	type="template"
	method="upgrade">
	<name>ja_purity_ii</name>
	<version>2.5.5</version>
	<creationDate>Dec 2013</creationDate>
	<author>JoomlArt.com</author>
	<authorEmail>webmaster@joomlart.com</authorEmail>
	<authorUrl>http://www.joomlart.com</authorUrl>
	<copyright>Copyright (C), J.O.O.M Solutions Co., Ltd. All Rights Reserved.</copyright>
	<license>license GNU/GPLv3 http://www.gnu.org/licenses/gpl-3.0.html</license>
	<description><![CDATA[<p>JA Purity II Template for Joomla 2.5.x</p>

<p>JA Purity II was the base theme for T3 framework version 1. It has been regularly updated for all the Joomla! versions and framework. Currently running T3 V2 framework and now updated for Joomla 2.5 & 3.2</p>
<p>It is one of most used template and is absolutely free. Our other free templates includes JA Elastica - responsive joomla template and T3blank template.</p>

<p><strong>Resources :</strong></p>
<p>| 
<a href='http://www.joomlart.com/joomla/templates/ja-purity-ii' title='Home' target='_blank' > Template Home Page</a> | 
<a href='http://www.joomlart.com/demo/#joomla-templates.joomlart.com/ja_purity_ii' title='Demo' target='_blank' > Demo</a> | 
<a href='http://www.joomlart.com/forums/forumdisplay.php?170' title='forum' target='_blank' >Forum</a> | </p>
<p>|
<a href='http://wiki.joomlart.com/wiki/JA_T3_Framework_2/Overview' title='T3 wiki' target='_blank' >T3 Framework Wiki</a> | 
<a href='http://update.joomlart.com' title='Updates' target='_blank' >Updates</a> | 
<a href='http://pm.joomlart.com/browse/JATCPURITYIIJ16' title='Changelog' target='_blank' >JIRA</a> | 
<a href='http://www.joomlart.com/forums/downloads.php?do=cat&id=401' title='Downloads' target='_blank' >Downloads</a> | 
</p>]]></description>
	<engine>t3</engine>
	<files>
		<filename>component.php</filename>
		<filename>favicon.ico</filename>
		<filename>index.html</filename>
		<filename>index.php</filename>
		<filename>info.xml</filename>
		<filename>params.ini</filename>
		<filename>template_thumbnail.png</filename>
		<filename>template_preview.png</filename>
		<filename>offline.php</filename>
		<folder>blocks</folder>
		<folder>etc</folder>
		<folder>themes</folder>
		<folder>css</folder>
		<folder>html</folder>
		<folder>images</folder>
		<folder>info</folder>
		<folder>language</folder>
		<folder>js</folder>
		
	</files>
	
	
	<languages folder="language">
       <language tag="en-GB">en-GB/en-GB.tpl_ja_purity_ii.ini</language>
       <language tag="en-GB">en-GB/en-GB.tpl_ja_purity_ii.sys.ini</language>
   </languages>

	<positions>
		<position>hornav</position>
		<position>breadcrumbs</position>
		<position>search</position>
		<position>banner</position>
		<position>left</position>
		<position>right</position>
		<position>top</position>
		<position>user1</position>
		<position>user2</position>
		<position>user3</position>
		<position>user4</position>
		<position>user5</position>
		<position>user6</position>
		<position>user7</position>
		<position>user8</position>
		<position>user9</position>
		<position>user10</position>
		<position>user11</position>
		<position>footer</position>
		<position>syndicate</position>
		<position>debug</position>
		<position>absolute</position>
	</positions>

	<config>
		<fields name="params" addfieldpath="/plugins/system/jat3/jat3/core/element">
		</fields>
    </config>
</extension>
