<?xml version="1.0" encoding="utf-8"?>
<install type="component" version="1.5.0" method="upgrade">
	<name>FLEXIcontent</name>
	<creationDate>20 October 2013</creationDate>
	<author>Emmanuel Danan, Georgios Papadakis</author>
	<copyright>(C) 2009-2013 Emmanuel Danan</copyright>
	<license>http://www.gnu.org/licenses/gpl-2.0.html GNU/GPL</license>
	<authorEmail>emmanuel@vistamedia.fr</authorEmail>
	<authorUrl>http://www.flexicontent.org</authorUrl>
	<version>2.1.1 r1793</version>
	<description>A flexible content management system for Joomla! J1.5/J2.5/J3.1</description>

	<languages folder="site/language">
		<language tag="en-GB">en-GB.com_flexicontent.ini</language>
	</languages>

	<files folder="site">
		<filename>index.html</filename>
		<filename>flexicontent.php</filename>
		<filename>controller.php</filename>
		<filename>router.php</filename>
		<filename>LICENSE.php</filename>
		<filename>CHANGELOG.php</filename>
		<filename>TODO.php</filename>
		<filename>README.php</filename>
		<filename>medias/.htaccess</filename>
		<filename>uploads/.htaccess</filename>
		<folder>assets</folder>
		<folder>classes</folder>
		<folder>controllers</folder>
		<folder>helpers</folder>
		<folder>librairies</folder>
		<folder>models</folder>
		<folder>sef_ext</folder>
		<folder>templates</folder>
		<folder>tmpl_common</folder>
		<folder>views</folder>
	</files>

	<install>
		<sql>
			<file driver="mysql" charset="utf8">installation/install.mysql.utf8.sql</file>
			<file driver="mysql">installation/install.mysql.nonutf8.sql</file>
		</sql>
	</install>
	<uninstall>
		<sql>
			<file driver="mysql" charset="utf8">installation/uninstall.mysql.utf8.sql</file>
			<file driver="mysql">installation/uninstall.mysql.nonutf8.sql</file>
		</sql>
	</uninstall>

	<administration>
		<menu img="../administrator/components/com_flexicontent/assets/images/flexicontent.png">FLEXIcontent</menu>
		<files folder="admin">
			<filename>index.html</filename>
			<filename>admin.flexicontent.php</filename>
			<filename>flexicontent.php</filename>
			<filename>defineconstants.php</filename>
			<filename>controller.php</filename>
			<filename>config.xml</filename>
			<folder>installation</folder>
			<folder>assets</folder>
			<folder>views</folder>
			<folder>models</folder>
			<folder>controllers</folder>
			<folder>tables</folder>
			<folder>elements</folder>
		</files>
		<languages folder="admin/language">
			<language tag="en-GB">en-GB.com_flexicontent.ini</language>
		</languages>
		<params>
			<param name="flexi_section" default="" />
			<param name="comments" default="0" />
			<param name="support_url" default="" />
			<param name="add_tooltips" default="1" />
			<param name="disablecss" default="0" />
			<param name="show_updatecheck" default="1" />
			<param name="new_item_state" default="-4" />
			<param name="flexi_fish" default="0" />
			<param name="filtercat" default="0" />
			<param name="filtertag" default="0" />
			<param name="disable_lang_select" default="1" />
			<param name="use_versioning" default="1" />
			<param name="nr_versions" default="10" />
			<param name="versionsperpage" default="5" />
			<param name="auto_approve" default="1" />
			<param name="disable_diff" default="0" />
			<param name="show_title" default="1" />
			<param name="link_titles" default="1" />
			<param name="show_readmore" default="1" />
			<param name="show_intro" default="1" />
			<param name="form_extra_css" default="" />
			<param name="autoflogin" default="1" />
			<param name="show_icons" default="1" />
			<param name="show_pdf_icon" default="1" />
			<param name="show_print_icon" default="1" />
			<param name="show_email_icon" default="1" />

			<param name="catlimit" default="100" />
			<param name="limit" default="10" />
			<param name="feed_summary" default="0" />
			<param name="trigger_onprepare_content_cat" default="1" />
			<param name="filter_types" default="createdby,modifiedby,type,state,tags,checkbox,checkboximage,radio,radioimage,select,selectmultiple" />

			<param name="upload_extensions" default="bmp,csv,doc,gif,ico,jpg,jpeg,odg,odp,ods,odt,pdf,png,ppt,swf,txt,xcf,xls,zip,BMP,CSV,DOC,GIF,ICO,JPG,JPEG,ODG,ODP,ODS,ODT,PDF,PNG,PPT,SWF,TXT,XCF,XLS,ZIP" />
			<param name="upload_maxsize" default="10000000" />
			<param name="file_path" default="components/com_flexicontent/uploads" />
			<param name="media_path" default="components/com_flexicontent/medias" />
			<param name="restrict_uploads" default="1" />
			<param name="check_mime" default="1" />
			<param name="image_extensions" default="bmp,gif,jpg,png" />
			<param name="ignore_extensions" default="" />	
			<param name="upload_mime" default="image/jpeg,image/gif,image/png,image/bmp,application/x-shockwave-flash,application/msword,application/excel,application/pdf,application/powerpoint,text/plain,application/x-zip" />
			<param name="upload_mime_illegal" default="text/html" />
			<param name="enable_flash" default="0" />
			<param name="advcache" default="1" />
			<param name="advcache_time" default="3600" />
			<param name="purge_gc" default="1" />
		</params>
	</administration>

<additional>
	<plugin name="checkbox"        folder="plugins/checkbox"        instfolder="flexicontent_fields">Checkbox Field</plugin>
	<plugin name="checkboximage"   folder="plugins/checkboximage"   instfolder="flexicontent_fields">Checkbox Image Field</plugin>
	<plugin name="core"            folder="plugins/core"            instfolder="flexicontent_fields">Core Fields</plugin>
	<plugin name="date"            folder="plugins/date"            instfolder="flexicontent_fields">Date Field</plugin>
	<plugin name="email"           folder="plugins/email"           instfolder="flexicontent_fields">Email Field</plugin>
	<plugin name="extendedweblink" folder="plugins/extendedweblink" instfolder="flexicontent_fields">Extended Weblink Field</plugin>
	<plugin name="fcloadmodule"    folder="plugins/fcloadmodule"    instfolder="flexicontent_fields">Load Module Field</plugin>
	<plugin name="fcpagenav"       folder="plugins/fcpagenav"       instfolder="flexicontent_fields">Page Navigation Field</plugin>
	<plugin name="file"            folder="plugins/file"            instfolder="flexicontent_fields">File Field</plugin>
	<plugin name="groupmarker"     folder="plugins/groupmarker"     instfolder="flexicontent_fields">Group Marker field</plugin>
	<plugin name="image"           folder="plugins/image"           instfolder="flexicontent_fields">Image Field</plugin>
	<plugin name="linkslist"       folder="plugins/linkslist"       instfolder="flexicontent_fields">Links List Field</plugin>
	<plugin name="minigallery"     folder="plugins/minigallery"     instfolder="flexicontent_fields">Minigallery Field</plugin>
	<plugin name="radio"           folder="plugins/radio"           instfolder="flexicontent_fields">Radio Field</plugin>
	<plugin name="radioimage"      folder="plugins/radioimage"      instfolder="flexicontent_fields">Radio Image Field</plugin>
	<plugin name="relation"        folder="plugins/relation"        instfolder="flexicontent_fields">Relation Field</plugin>
	<plugin name="relation_reverse" folder="plugins/relation_reverse" instfolder="flexicontent_fields">Relation Reverse Field</plugin>
	<plugin name="select"          folder="plugins/select"          instfolder="flexicontent_fields">Select List Field</plugin>
	<plugin name="selectmultiple"  folder="plugins/selectmultiple"  instfolder="flexicontent_fields">Select List Multiple Field</plugin>
	<plugin name="text"            folder="plugins/text"            instfolder="flexicontent_fields">Text Field</plugin>
	<plugin name="textarea"        folder="plugins/textarea"        instfolder="flexicontent_fields">Textarea Field</plugin>
	<plugin name="textselect"      folder="plugins/textselect"      instfolder="flexicontent_fields">TextSelect Field</plugin>
	<plugin name="toolbar"         folder="plugins/toolbar"         instfolder="flexicontent_fields">Toolbar Field</plugin>
	<plugin name="weblink"         folder="plugins/weblink"         instfolder="flexicontent_fields">Weblink Field</plugin>
	
	<plugin name="flexinotify"     folder="plugins/flexicontent"    instfolder="flexicontent">Flexicontent - Notifications for favoured content</plugin>
	
	<plugin name="flexisearch"     folder="plugins/flexisearch"     instfolder="search">Search - Flexisearch, Joomla standard search</plugin>
	<plugin name="flexiadvsearch"  folder="plugins/flexiadvsearch"  instfolder="search">Search - Flexiadvsearch, FLEXIcontent search view</plugin>
	<plugin name="flexisystem"     folder="plugins/flexisystem"     instfolder="system">System - Flexisystem, core functions</plugin>
	<plugin name="flexiadvroute"   folder="plugins/flexiadvroute"   instfolder="system">System - Flexiadvroute, advanced routing functions</plugin>
	
	<plugin name="flexibreak"      folder="plugins/flexibreak"      instfolder="content">Content - Flexibreak, pagination for multi-paged articles</plugin>
	
	<module name="mod_flexicontent"   folder="modules/mod_flexicontent">Universal Content for FLEXIcontent</module>
	<module name="mod_flexifilter"    folder="modules/mod_flexifilter">Content Lists Filter for FLEXIcontent</module>
	<module name="mod_flexitagcloud"  folder="modules/mod_flexitagcloud">Tag Cloud for FLEXIcontent</module>
	<module name="mod_flexiadvsearch" folder="modules/mod_flexiadvsearch">Advanced Search for FLEXIcontent</module>
</additional>

	<installfile>install.php</installfile>
	<uninstallfile>uninstall.php</uninstallfile>
	<!--scriptfile>script.php</scriptfile-->

</install>
