<?xml version="1.0" encoding="UTF-8"?>
<extension type="plugin" version="2.5" group="system" method="upgrade">
    <name>PLG_JSCSSCONTROL</name>
    <version>2.5-5</version>
    <creationDate>2013-12-10</creationDate>
    <license>http://www.gnu.org/licenses/gpl-3.0</license>
    <copyright>Copyright 2013 Viktor Vogel. All rights reserved.</copyright>
    <author>Viktor Vogel</author>
    <authorEmail>admin@kubik-rubik.de</authorEmail>
    <authorUrl>http://joomla-extensions.kubik-rubik.de/</authorUrl>
    <description>PLG_JSCSSCONTROL_XML_DESCRIPTION</description>
    <files>
        <filename plugin="jscsscontrol">jscsscontrol.php</filename>
        <filename plugin="jscsscontrol">index.html</filename>
        <folder plugin="jscsscontrol">fields</folder>
    </files>
    <languages folder="language">
        <language tag="de-DE">de-DE/de-DE.plg_system_jscsscontrol.ini</language>
        <language tag="de-DE">de-DE/de-DE.plg_system_jscsscontrol.sys.ini</language>
        <language tag="en-GB">en-GB/en-GB.plg_system_jscsscontrol.ini</language>
        <language tag="en-GB">en-GB/en-GB.plg_system_jscsscontrol.sys.ini</language>
    </languages>
    <config>
        <fields name="params" addfieldpath="/plugins/system/jscsscontrol/fields">
            <fieldset name="basic">
                <field type="krdonationcodecheck" />
                <field type="krversioncheck" name="krversioncheck" default="jcc|2.5-5" />
                <field name="js" type="textarea" default="" rows="8" cols="60" label="PLG_JSCSSCONTROL_JS" description="PLG_JSCSSCONTROL_JSDESC" />
                <field name="css" type="textarea" default="" rows="8" cols="60" label="PLG_JSCSSCONTROL_CSS" description="PLG_JSCSSCONTROL_CSSDESC" />
                <field name="debug" type="list" default="0" label="PLG_JSCSSCONTROL_DEBUG" description="PLG_JSCSSCONTROL_DEBUGDESC">
                    <option value="1">JYES</option>
                    <option value="0">JNO</option>
                </field>
            </fieldset>
            <fieldset name="donation">
                <field name="donation_code" type="text" default="" size="40" label="KR_DONATION_CODE" description="KR_DONATION_CODEDESC" />
                <field type="krtitle" name="spacer_krtitle_general" label="" />
            </fieldset>
            <fieldset name="versioncheck">
                <field name="versioncheck_enable" type="list" default="1" label="KR_VERSION_CHECK" description="KR_VERSION_CHECKDESC">
                    <option value="1">KR_VERSION_CHECK_ONCESESSION</option>
                    <option value="2">KR_VERSION_CHECK_ONEVERYLOAD</option>
                    <option value="0">JNO</option>
                </field>
            </fieldset>
        </fields>
    </config>
</extension>